source_object,Source_field_name,pensieve_name,source_namespace,filename
telemetry,dataflow_telemetry_id,dataflow_telemetry_id,dataflow_telemetry,dataflow_telemetry.json
telemetry,telemetry_timestamp,telemetry_timestamp,dataflow_telemetry,dataflow_telemetry.json
telemetry,framework_id,framework_id,dataflow_telemetry,dataflow_telemetry.json
telemetry,dataflow_stage,dataflow_stage,dataflow_telemetry,dataflow_telemetry.json
telemetry,dataflow_object,dataflow_object,dataflow_telemetry,dataflow_telemetry.json
telemetry,dataflow_action,dataflow_action,dataflow_telemetry,dataflow_telemetry.json
telemetry,dataflow_metric,dataflow_metric,dataflow_telemetry,dataflow_telemetry.json
telemetry,kafka_timestamp,data_warehouse_delivery_datetime,dataflow_telemetry,dataflow_telemetry.json
Job__c,Id,job_id,Salesforce,deleted-job-id.json
Job__c,LastModifiedDate,last_modified_datetime,Salesforce,deleted-job-id.json
Job__c,kafka_timestamp,data_warehouse_delivery_datetime,Salesforce,deleted-job-id.json
Footage_Passings_Summary__c,Id,footage_passings_summary_id,Salesforce,deleted-footage_summary-id.json
Footage_Passings_Summary__c,LastModifiedDate,last_modified_datetime,Salesforce,deleted-footage_summary-id.json
Footage_Passings_Summary__c,kafka_timestamp,data_warehouse_delivery_datetime,Salesforce,deleted-footage_summary-id.json
ORA_Project__c,Id,ora_project_id,Salesforce,ORA_Project__c.json
ORA_Project__c,OwnerId,owner_id,Salesforce,ORA_Project__c.json
ORA_Project__c,IsDeleted,is_deleted,Salesforce,ORA_Project__c.json
ORA_Project__c,Name,canonical_ora_project_id,Salesforce,ORA_Project__c.json
ORA_Project__c,CreatedDate,created_datetime,Salesforce,ORA_Project__c.json
ORA_Project__c,CreatedById,created_by_id,Salesforce,ORA_Project__c.json
ORA_Project__c,LastModifiedDate,last_modified_datetime,Salesforce,ORA_Project__c.json
ORA_Project__c,LastModifiedById,last_modified_by_id,Salesforce,ORA_Project__c.json
ORA_Project__c,SystemModstamp,systemmodstamp_datetime,Salesforce,ORA_Project__c.json
ORA_Project__c,LastViewedDate,last_viewed_date,Salesforce,ORA_Project__c.json
ORA_Project__c,LastReferencedDate,last_referenced_date,Salesforce,ORA_Project__c.json
ORA_Project__c,CIFA_Project_ID__c,cifa_project_id,Salesforce,ORA_Project__c.json
ORA_Project__c,Tier_Classification__c,tier_classification,Salesforce,ORA_Project__c.json
ORA_Project__c,Proactive__c,proactive,Salesforce,ORA_Project__c.json
ORA_Project__c,kafka_timestamp,data_warehouse_delivery_datetime,Salesforce,ORA_Project__c.json
date_dimension,CALENDAR_DATE,CALENDAR_DATE,csv_upload,date.json
date_dimension,CALENDAR_DAY_LONG_NAME,CALENDAR_DAY_LONG_NAME,csv_upload,date.json
date_dimension,CALENDAR_DAY_SHORT_NAME,CALENDAR_DAY_SHORT_NAME,csv_upload,date.json
date_dimension,CALENDAR_DAY_OF_WEEK_NUM,CALENDAR_DAY_OF_WEEK_NUM,csv_upload,date.json
date_dimension,CALENDAR_DAY_OF_MONTH_NUM,CALENDAR_DAY_OF_MONTH_NUM,csv_upload,date.json
date_dimension,CALENDAR_DAY_OF_YEAR_NUM,CALENDAR_DAY_OF_YEAR_NUM,csv_upload,date.json
date_dimension,CALENDAR_DAY_OF_CALENDAR_NUM,CALENDAR_DAY_OF_CALENDAR_NUM,csv_upload,date.json
date_dimension,CALENDAR_MONTH_END_IND,CALENDAR_MONTH_END_IND,csv_upload,date.json
date_dimension,CALENDAR_MONTH_YEAR_TXT,CALENDAR_MONTH_YEAR_TXT,csv_upload,date.json
date_dimension,CALENDAR_MONTH_LONG_NAME,CALENDAR_MONTH_LONG_NAME,csv_upload,date.json
date_dimension,CALENDAR_MONTH_SHORT_NAME,CALENDAR_MONTH_SHORT_NAME,csv_upload,date.json
date_dimension,CALENDAR_MONTH_OF_QUARTER_NUM,CALENDAR_MONTH_OF_QUARTER_NUM,csv_upload,date.json
date_dimension,CALENDAR_MONTH_OF_YEAR_NUM,CALENDAR_MONTH_OF_YEAR_NUM,csv_upload,date.json
date_dimension,CALENDAR_MONTH_OF_CALENDAR_NUM,CALENDAR_MONTH_OF_CALENDAR_NUM,csv_upload,date.json
date_dimension,CALENDAR_QUARTER_OF_YEAR_NUM,CALENDAR_QUARTER_OF_YEAR_NUM,csv_upload,date.json
date_dimension,CALENDAR_QUARTER_OF_CALENDAR_NUM,CALENDAR_QUARTER_OF_CALENDAR_NUM,csv_upload,date.json
date_dimension,CALENDAR_WEEKDAY_OF_MONTH_NUM,CALENDAR_WEEKDAY_OF_MONTH_NUM,csv_upload,date.json
date_dimension,CALENDAR_WEEK_OF_MONTH_NUM,CALENDAR_WEEK_OF_MONTH_NUM,csv_upload,date.json
date_dimension,CALENDAR_WEEK_OF_YEAR_NUM,CALENDAR_WEEK_OF_YEAR_NUM,csv_upload,date.json
date_dimension,CALENDAR_WEEK_OF_CALENDAR_NUM,CALENDAR_WEEK_OF_CALENDAR_NUM,csv_upload,date.json
date_dimension,CALENDAR_YEAR_OF_CALENDAR_NUM,CALENDAR_YEAR_OF_CALENDAR_NUM,csv_upload,date.json
date_dimension,FISCAL_CALENDAR_DATE,FISCAL_CALENDAR_DATE,csv_upload,date.json
date_dimension,FISCAL_MONTH_END_IND,FISCAL_MONTH_END_IND,csv_upload,date.json
date_dimension,FISCAL_MONTH_END_DATE,FISCAL_MONTH_END_DATE,csv_upload,date.json
date_dimension,FISCAL_MONTH_LONG_NAME,FISCAL_MONTH_LONG_NAME,csv_upload,date.json
date_dimension,FISCAL_MONTH_SHORT_NAME,FISCAL_MONTH_SHORT_NAME,csv_upload,date.json
date_dimension,FISCAL_MONTH_NUM,FISCAL_MONTH_NUM,csv_upload,date.json
date_dimension,FISCAL_MONTH_WEEK_NUM,FISCAL_MONTH_WEEK_NUM,csv_upload,date.json
date_dimension,FISCAL_QUARTER_END_IND,FISCAL_QUARTER_END_IND,csv_upload,date.json
date_dimension,FISCAL_QUARTER_LONG_NAME,FISCAL_QUARTER_LONG_NAME,csv_upload,date.json
date_dimension,FISCAL_QUARTER_SHORT_NAME,FISCAL_QUARTER_SHORT_NAME,csv_upload,date.json
date_dimension,FISCAL_QUARTER_NUM,FISCAL_QUARTER_NUM,csv_upload,date.json
date_dimension,FISCAL_WEEK_END_IND,FISCAL_WEEK_END_IND,csv_upload,date.json
date_dimension,FISCAL_WEEK_END_DATE,FISCAL_WEEK_END_DATE,csv_upload,date.json
date_dimension,FISCAL_YEAR_END_IND,FISCAL_YEAR_END_IND,csv_upload,date.json
date_dimension,FISCAL_YEAR_NUM,FISCAL_YEAR_NUM,csv_upload,date.json
date_dimension,FISCAL_YEAR_DAY_NUM,FISCAL_YEAR_DAY_NUM,csv_upload,date.json
date_dimension,FISCAL_YEAR_WEEK_NUM,FISCAL_YEAR_WEEK_NUM,csv_upload,date.json
date_dimension,PRIOR_YEAR_SAME_DATE,PRIOR_YEAR_SAME_DATE,csv_upload,date.json
date_dimension,PRIOR_YEAR_DATE,PRIOR_YEAR_DATE,csv_upload,date.json
date_dimension,RELATIVE_CALENDAR_DAY_NUM,RELATIVE_CALENDAR_DAY_NUM,csv_upload,date.json
date_dimension,RELATIVE_FISCAL_MONTH_NUM,RELATIVE_FISCAL_MONTH_NUM,csv_upload,date.json
date_dimension,RELATIVE_FISCAL_YEAR_NUM,RELATIVE_FISCAL_YEAR_NUM,csv_upload,date.json
date_dimension,LEAP_YEAR_IND,LEAP_YEAR_IND,csv_upload,date.json
date_dimension,MERGE_TRANSFER_IND,MERGE_TRANSFER_IND,csv_upload,date.json
date_dimension,FISCAL_WEEK_DAY_NUM,FISCAL_WEEK_DAY_NUM,csv_upload,date.json
date_dimension,FISCAL_MONTH_DAY_NUM,FISCAL_MONTH_DAY_NUM,csv_upload,date.json
date_dimension,FISCAL_QUARTER_DAY_NUM,FISCAL_QUARTER_DAY_NUM,csv_upload,date.json
date_dimension,FISCAL_MONTH_SEQ_NUM,FISCAL_MONTH_SEQ_NUM,csv_upload,date.json
date_dimension,FISCAL_YEAR_END_DATE,FISCAL_YEAR_END_DATE,csv_upload,date.json
date_dimension,DAY_LIGHT_SAVINGS,DAY_LIGHT_SAVINGS,csv_upload,date.json
date_dimension,LastModifiedDate,LastModifiedDate,csv_upload,date.json
Invoice__c,Id,invoice_id,Salesforce,Invoice__c.json
Invoice__c,LastModifiedDate,last_modified_datetime,Salesforce,Invoice__c.json
Invoice__c,Business_Partner__c,business_partner_id,Salesforce,Invoice__c.json
Invoice__c,CIFA_Status__c,CIFA_invoice_status,Salesforce,Invoice__c.json
Invoice__c,Invoice_Date__c,created_date,Salesforce,Invoice__c.json
Invoice__c,Invoice_Paid_Date__c,invoice_paid_date,Salesforce,Invoice__c.json
Invoice__c,Scheduled_To_Pay_Date__c,scheduled_to_pay_date,Salesforce,Invoice__c.json
Invoice__c,Status__c,P2_invoice_status,Salesforce,Invoice__c.json
Invoice__c,kafka_timestamp,data_warehouse_delivery_datetime,Salesforce,Invoice__c.json
Hub_Sites__c,Id,hub_sites_id,Salesforce,deleted-hub-site-id.json
Hub_Sites__c,LastModifiedDate,last_modified_datetime,Salesforce,deleted-hub-site-id.json
Hub_Sites__c,kafka_timestamp,data_warehouse_delivery_datetime,Salesforce,deleted-hub-site-id.json
Polaris_Project__c,CreatedDate,created_datetime,Salesforce,Polaris_Project__c.json
Polaris_Project__c,Id,project_id,Salesforce,Polaris_Project__c.json
Polaris_Project__c,IsDeleted,is_deleted,Salesforce,Polaris_Project__c.json
Polaris_Project__c,LastModifiedDate,last_modified_datetime,Salesforce,Polaris_Project__c.json
Polaris_Project__c,SystemModstamp,systemmodstamp_datetime,Salesforce,Polaris_Project__c.json
Polaris_Project__c,Actual_Commercial_Passings__c,actual_commercial_passings,Salesforce,Polaris_Project__c.json
Polaris_Project__c,Actual_MDU_Passings__c,actual_multiple_dwelling_unit_passings,Salesforce,Polaris_Project__c.json
Polaris_Project__c,Actual_Residential_Passings__c,actual_residential_passings,Salesforce,Polaris_Project__c.json
Polaris_Project__c,Actual_Total_Passings__c,actual_total_passings,Salesforce,Polaris_Project__c.json
Polaris_Project__c,As_Built_Business_Partner__c,as_built_business_partner_id,Salesforce,Polaris_Project__c.json
Polaris_Project__c,Average_Permitting_Fees_Pole__c,average_permitting_fees_pole,Salesforce,Polaris_Project__c.json
Polaris_Project__c,CIFA_Project__c,cifa_project,Salesforce,Polaris_Project__c.json
Polaris_Project__c,CIFA_Project_Number__c,cifa_project_number,Salesforce,Polaris_Project__c.json
Polaris_Project__c,Completion_Ariel_Coax_Feet__c,completion_ariel_coax_feet,Salesforce,Polaris_Project__c.json
Polaris_Project__c,Completion_Ariel_Fiber_Feet__c,completion_ariel_fiber_feet,Salesforce,Polaris_Project__c.json
Polaris_Project__c,Completion_Total_Feet__c,completion_total_feet,Salesforce,Polaris_Project__c.json
Polaris_Project__c,Completion_Underground_Coax_Feet__c,completion_underground_coax_feet,Salesforce,Polaris_Project__c.json
Polaris_Project__c,Completion_Underground_Fiber_Feet__c,completion_underground_fiber_feet,Salesforce,Polaris_Project__c.json
Polaris_Project__c,Construction_Business_Partner__c,construction_business_partner_id,Salesforce,Polaris_Project__c.json
Polaris_Project__c,CreatedById,created_by_id,Salesforce,Polaris_Project__c.json
Polaris_Project__c,Design_Business_Partner__c,design_business_partner_id,Salesforce,Polaris_Project__c.json
Polaris_Project__c,Designed_Commercial_Passings__c,designed_commercial_passings,Salesforce,Polaris_Project__c.json
Polaris_Project__c,Designed_MDU_Passings__c,designed_mdu_passings,Salesforce,Polaris_Project__c.json
Polaris_Project__c,Designed_Residential_Passings__c,designed_residential_passings,Salesforce,Polaris_Project__c.json
Polaris_Project__c,Designed_Total_Passings__c,designed_total_passings,Salesforce,Polaris_Project__c.json
Polaris_Project__c,Division__c,division,Salesforce,Polaris_Project__c.json
Polaris_Project__c,Estimated_Project_Completion_Date__c,estimated_project_completion_date,Salesforce,Polaris_Project__c.json
Polaris_Project__c,External_ID__c,external_id,Salesforce,Polaris_Project__c.json
Polaris_Project__c,Greenfield__c,greenfield,Salesforce,Polaris_Project__c.json
Polaris_Project__c,Installed_Ariel_Coax_Feet__c,installed_ariel_coax_feet,Salesforce,Polaris_Project__c.json
Polaris_Project__c,Installed_Ariel_Fiber_Feet__c,installed_ariel_fiber_feet,Salesforce,Polaris_Project__c.json
Polaris_Project__c,Installed_Total_Feet__c,installed_total_feet,Salesforce,Polaris_Project__c.json
Polaris_Project__c,Installed_Underground_Coax_Feet__c,installed_underground_coax_feet,Salesforce,Polaris_Project__c.json
Polaris_Project__c,Installed_Underground_Fiber_Feet__c,installed_underground_fiber_feet,Salesforce,Polaris_Project__c.json
Polaris_Project__c,Job_Type__c,job_type,Salesforce,Polaris_Project__c.json
Polaris_Project__c,LastModifiedById,last_modified_by_id,Salesforce,Polaris_Project__c.json
Polaris_Project__c,Market__c,market,Salesforce,Polaris_Project__c.json
Polaris_Project__c,Name,canonical_project_id,Salesforce,Polaris_Project__c.json
Polaris_Project__c,No_of_Poles_requiring_Make_Ready__c,no_of_poles_requiring_make_ready,Salesforce,Polaris_Project__c.json
Polaris_Project__c,of_Poles_requiring_Make_Ready__c,of_poles_requiring_make_ready,Salesforce,Polaris_Project__c.json
Polaris_Project__c,Owner__c,owner,Salesforce,Polaris_Project__c.json
Polaris_Project__c,OwnerId,owner_id,Salesforce,Polaris_Project__c.json
Polaris_Project__c,P2_Project_ID__c,p2_project_id,Salesforce,Polaris_Project__c.json
Polaris_Project__c,Permitting_Business_Partner__c,permitting_business_partner_id,Salesforce,Polaris_Project__c.json
Polaris_Project__c,Planned_Ariel_Coax_Feet__c,planned_ariel_coax_feet,Salesforce,Polaris_Project__c.json
Polaris_Project__c,Planned_Ariel_Fiber_Feet__c,planned_ariel_fiber_feet,Salesforce,Polaris_Project__c.json
Polaris_Project__c,Planned_Commercial_Passings__c,planned_commercial_passings,Salesforce,Polaris_Project__c.json
Polaris_Project__c,Planned_MDU_Passings__c,planned_mdu_passings,Salesforce,Polaris_Project__c.json
Polaris_Project__c,Planned_Residential_Passings__c,planned_residential_passings,Salesforce,Polaris_Project__c.json
Polaris_Project__c,Planned_Total_Feet__c,planned_total_feet,Salesforce,Polaris_Project__c.json
Polaris_Project__c,Planned_Total_Passings__c,planned_total_passings,Salesforce,Polaris_Project__c.json
Polaris_Project__c,Planned_Underground_Coax_Feet__c,planned_underground_coax_feet,Salesforce,Polaris_Project__c.json
Polaris_Project__c,Planned_Underground_Fiber_Feet__c,planned_underground_fiber_feet,Salesforce,Polaris_Project__c.json
Polaris_Project__c,Project_Budget__c,project_budget,Salesforce,Polaris_Project__c.json
Polaris_Project__c,Project_Description__c,project_description,Salesforce,Polaris_Project__c.json
Polaris_Project__c,QC_Business_Partner__c,qc_business_partner_id,Salesforce,Polaris_Project__c.json
Polaris_Project__c,RecordTypeId,record_type_id,Salesforce,Polaris_Project__c.json
Polaris_Project__c,Region__c,region,Salesforce,Polaris_Project__c.json
Polaris_Project__c,ROE_Available_Threshold__c,roe_available_threshold,Salesforce,Polaris_Project__c.json
Polaris_Project__c,ROE_Gate_Met__c,roe_gate_met,Salesforce,Polaris_Project__c.json
Polaris_Project__c,Status__c,status,Salesforce,Polaris_Project__c.json
Polaris_Project__c,Survey_Business_Partner__c,survey_business_partner_id,Salesforce,Polaris_Project__c.json
Polaris_Project__c,to_Budget__c,to_budget,Salesforce,Polaris_Project__c.json
Polaris_Project__c,Total_Approved_Invoiced_Amount__c,total_approved_invoiced_amount,Salesforce,Polaris_Project__c.json
Polaris_Project__c,Total_Inspection_Fee__c,total_inspection_fee,Salesforce,Polaris_Project__c.json
Polaris_Project__c,Total_Jobs__c,total_jobs,Salesforce,Polaris_Project__c.json
Polaris_Project__c,Total_Make_Ready_Fee__c,total_make_ready_fee,Salesforce,Polaris_Project__c.json
Polaris_Project__c,Total_Permit_Fee__c,total_permit_fee,Salesforce,Polaris_Project__c.json
Polaris_Project__c,Total_Pole_Permitting_Fee__c,total_pole_permitting_fee,Salesforce,Polaris_Project__c.json
Polaris_Project__c,Total_Poles__c,total_poles,Salesforce,Polaris_Project__c.json
Polaris_Project__c,Total_Project_Estimate__c,total_project_estimate,Salesforce,Polaris_Project__c.json
Polaris_Project__c,Warehouse__c,warehouse,Salesforce,Polaris_Project__c.json
Polaris_Project__c,kafka_timestamp,data_warehouse_delivery_datetime,Salesforce,Polaris_Project__c.json
Hub_Sites__c,Id,hub_sites_id,Salesforce,Hub_Sites__c.json
Hub_Sites__c,OwnerId,owner_id,Salesforce,Hub_Sites__c.json
Hub_Sites__c,IsDeleted,is_deleted,Salesforce,Hub_Sites__c.json
Hub_Sites__c,Name,canonical_hub_site_id,Salesforce,Hub_Sites__c.json
Hub_Sites__c,CreatedDate,created_datetime,Salesforce,Hub_Sites__c.json
Hub_Sites__c,CreatedById,created_by_id,Salesforce,Hub_Sites__c.json
Hub_Sites__c,LastModifiedDate,last_modified_datetime,Salesforce,Hub_Sites__c.json
Hub_Sites__c,LastModifiedById,last_modified_by_id,Salesforce,Hub_Sites__c.json
Hub_Sites__c,SystemModstamp,systemmodstamp_datetime,Salesforce,Hub_Sites__c.json
Hub_Sites__c,LastActivityDate,last_activity_date,Salesforce,Hub_Sites__c.json
Hub_Sites__c,LastViewedDate,last_viewed_date,Salesforce,Hub_Sites__c.json
Hub_Sites__c,LastReferencedDate,last_referenced_date,Salesforce,Hub_Sites__c.json
Hub_Sites__c,CIFA_Project__c,cifa_project_id,Salesforce,Hub_Sites__c.json
Hub_Sites__c,Comments__c,comments,Salesforce,Hub_Sites__c.json
Hub_Sites__c,DMA_Market__c,dma_market,Salesforce,Hub_Sites__c.json
Hub_Sites__c,Proactive__c,proactive,Salesforce,Hub_Sites__c.json
Hub_Sites__c,Tier_Classification__c,tier_classification,Salesforce,Hub_Sites__c.json
Hub_Sites__c,Hub_Code__c,hub_code,Salesforce,Hub_Sites__c.json
Hub_Sites__c,Node_Type__c,node_type,Salesforce,Hub_Sites__c.json
Hub_Sites__c,Site_Id__c,site_id,Salesforce,Hub_Sites__c.json
Hub_Sites__c,DMA_Short_Name__c,dma_short_name,Salesforce,Hub_Sites__c.json
Hub_Sites__c,DMA_Enabled__c,dma_enabled,Salesforce,Hub_Sites__c.json
Hub_Sites__c,DMA_Enabled_Date__c,dma_enabled_date,Salesforce,Hub_Sites__c.json
Hub_Sites__c,kafka_timestamp,data_warehouse_delivery_datetime,Salesforce,Hub_Sites__c.json
Child_Node__c,Id,child_node_id,Salesforce,deleted-node-housing-id.json
Child_Node__c,LastModifiedDate,last_modified_datetime,Salesforce,deleted-node-housing-id.json
Child_Node__c,kafka_timestamp,data_warehouse_delivery_datetime,Salesforce,deleted-node-housing-id.json
Footage_Passings_Detail__c,Id,footage_passings_detail_id,Salesforce,deleted-footage_detail-id.json
Footage_Passings_Detail__c,LastModifiedDate,last_modified_datetime,Salesforce,deleted-footage_detail-id.json
Footage_Passings_Detail__c,kafka_timestamp,data_warehouse_delivery_datetime,Salesforce,deleted-footage_detail-id.json
,,,,csv_schema.json
,,,,csv_schema.json
P2_Task__c,Id,task_id,Salesforce,deleted-task-id.json
P2_Task__c,LastModifiedDate,last_modified_datetime,Salesforce,deleted-task-id.json
P2_Task__c,kafka_timestamp,data_warehouse_delivery_datetime,Salesforce,deleted-task-id.json
Footage__c,Id,footage_id,Salesforce,deleted-footage-id.json
Footage__c,LastModifiedDate,last_modified_datetime,Salesforce,deleted-footage-id.json
Footage__c,kafka_timestamp,data_warehouse_delivery_datetime,Salesforce,deleted-footage-id.json
essbase_dma,COMPOSITE_ID,COMPOSITE_ID,csv_history_upload,essbase_dma.json
essbase_dma,FIBER_NODE_NAME,FIBER_NODE_NAME,csv_history_upload,essbase_dma.json
essbase_dma,DMA_LONG_NAME,DMA_LONG_NAME,csv_history_upload,essbase_dma.json
essbase_dma,DMA_SHORT_NAME,DMA_SHORT_NAME,csv_history_upload,essbase_dma.json
essbase_dma,CMTS_FQDN,CMTS_FQDN,csv_history_upload,essbase_dma.json
essbase_dma,HUB_NAME,HUB_NAME,csv_history_upload,essbase_dma.json
essbase_dma,EXTRACT_DATE_TIME,last_modified_datetime,csv_history_upload,essbase_dma.json
Purchase_Order_Reservation__c,Id,purchase_order_reservation_id,Salesforce,Purchase_Order_Reservation__c.json
Purchase_Order_Reservation__c,LastModifiedDate,last_modified_datetime,Salesforce,Purchase_Order_Reservation__c.json
Purchase_Order_Reservation__c,PO__c,oracle_purchase_order_id,Salesforce,Purchase_Order_Reservation__c.json
Purchase_Order_Reservation__c,Labor_Estimate_Item__c,labor_estimate_item_id,Salesforce,Purchase_Order_Reservation__c.json
Purchase_Order_Reservation__c,Invoice_Quantity_Pending__c,invoice_quantity_pending,Salesforce,Purchase_Order_Reservation__c.json
Purchase_Order_Reservation__c,kafka_timestamp,data_warehouse_delivery_datetime,Salesforce,Purchase_Order_Reservation__c.json
laborzonezip__c,Id,labor_zone_to_zip_id,Salesforce,LaborZoneZip__c.json
laborzonezip__c,Active_Date__c,active_from_date,Salesforce,LaborZoneZip__c.json
laborzonezip__c,Labor_Zone__c,labor_zone_id,Salesforce,LaborZoneZip__c.json
laborzonezip__c,Name,zip_code,Salesforce,LaborZoneZip__c.json
laborzonezip__c,kafka_timestamp,data_warehouse_delivery_datetime,Salesforce,LaborZoneZip__c.json
Permit__c,Id,permit_id,Salesforce,Permit__c.json
Permit__c,LastModifiedDate,last_modified_datetime,Salesforce,Permit__c.json
Permit__c,Accepted_Date__c,accepted_date,Salesforce,Permit__c.json
Permit__c,Application_Held_Date__c,application_held_date,Salesforce,Permit__c.json
Permit__c,Application_Prepared__c,application_prepared_date,Salesforce,Permit__c.json
Permit__c,Application_Submitted__c,application_submitted_date,Salesforce,Permit__c.json
Permit__c,Approved_Date__c,approved_date,Salesforce,Permit__c.json
Permit__c,Assigned_Date__c,assigned_date,Salesforce,Permit__c.json
Permit__c,Paid_Date__c,application_fee_paid_date,Salesforce,Permit__c.json
Permit__c,Business_Partner__c,business_partner_name,Salesforce,Permit__c.json
Permit__c,Comments__c,comments,Salesforce,Permit__c.json
Permit__c,Completed_Date__c,completed_date,Salesforce,Permit__c.json
Permit__c,CreatedDate,created_date,Salesforce,Permit__c.json
Permit__c,Expected_Date__c,expected_permit_receive_date,Salesforce,Permit__c.json
Permit__c,Expiration_Date__c,expiration_date,Salesforce,Permit__c.json
Permit__c,Info_Provided_Date__c,information_provided_date,Salesforce,Permit__c.json
Permit__c,Inspection_Failed_Date__c,inspection_failed_date,Salesforce,Permit__c.json
Permit__c,Jurisdictions__c,jurisdictions,Salesforce,Permit__c.json
Permit__c,Name,permit_name,Salesforce,Permit__c.json
Permit__c,Permit_Number__c,permit_number,Salesforce,Permit__c.json
Permit__c,Permit_Received_Date__c,permit_received_date,Salesforce,Permit__c.json
Permit__c,Pole_Count__c,total_number_of_poles,Salesforce,Permit__c.json
Permit__c,Ready_For_Inspection_Date__c,ready_for_inspection_date,Salesforce,Permit__c.json
Permit__c,Rejected_Date__c,rejected_date,Salesforce,Permit__c.json
Permit__c,Status__c,status,Salesforce,Permit__c.json
Permit__c,Sub_Status__c,permitting_stage,Salesforce,Permit__c.json
Permit__c,Type__c,permit_type,Salesforce,Permit__c.json
Permit__c,Utility__c,utility,Salesforce,Permit__c.json
Permit__c,kafka_timestamp,data_warehouse_delivery_datetime,Salesforce,Permit__c.json
National_Labor_Rates__c,Id,national_labor_rates_id,Salesforce,National_Labor_Rates__c.json
National_Labor_Rates__c,Effective_Start_Date__c,active_from_date,Salesforce,National_Labor_Rates__c.json
National_Labor_Rates__c,Effective_Stop_Date__c,active_to_date,Salesforce,National_Labor_Rates__c.json
National_Labor_Rates__c,LastModifiedDate,last_modified_datetime,Salesforce,National_Labor_Rates__c.json
National_Labor_Rates__c,Name,labor_code,Salesforce,National_Labor_Rates__c.json
National_Labor_Rates__c,BP_Name__c,business_partner_name,Salesforce,National_Labor_Rates__c.json
National_Labor_Rates__c,Cost__c,cost,Salesforce,National_Labor_Rates__c.json
National_Labor_Rates__c,UOM__c,unit_of_measure,Salesforce,National_Labor_Rates__c.json
National_Labor_Rates__c,Labor_Zone__c,labor_zone_id,Salesforce,National_Labor_Rates__c.json
National_Labor_Rates__c,kafka_timestamp,data_warehouse_delivery_datetime,Salesforce,National_Labor_Rates__c.json
Address__c,CreatedDate,created_datetime,Salesforce,Address__c.json
Address__c,Id,address_id,Salesforce,Address__c.json
Address__c,LastModifiedDate,last_modified_datetime,Salesforce,Address__c.json
Address__c,City__c,city,Salesforce,Address__c.json
Address__c,CreatedById,created_by_id,Salesforce,Address__c.json
Address__c,GeoLocation__c,geo_location,Salesforce,Address__c.json
Address__c,Hookup_Type__c,hookup_type,Salesforce,Address__c.json
Address__c,Job__c,job_id,Salesforce,Address__c.json
Address__c,LastModifiedById,last_modified_by_id,Salesforce,Address__c.json
Address__c,Lat__c,latitude,Salesforce,Address__c.json
Address__c,Long__c,longitude,Salesforce,Address__c.json
Address__c,Name,canonical_address_id,Salesforce,Address__c.json
Address__c,P2_ID__c,p2_id,Salesforce,Address__c.json
Address__c,P2_Ready_Status__c,p2_ready_status,Salesforce,Address__c.json
Address__c,P2_Stage__c,p2_stage,Salesforce,Address__c.json
Address__c,P2_Status__c,p2_status,Salesforce,Address__c.json
Address__c,State__c,state,Salesforce,Address__c.json
Address__c,Street_Address__c,street_address,Salesforce,Address__c.json
Address__c,Type__c,type,Salesforce,Address__c.json
Address__c,Unit_Type__c,unit_type,Salesforce,Address__c.json
Address__c,Unit_Value__c,unit_value,Salesforce,Address__c.json
Address__c,Zip_Code__c,zip_code,Salesforce,Address__c.json
Address__c,kafka_timestamp,data_warehouse_delivery_datetime,Salesforce,Address__c.json
job,Id,salesforce_id,Salesforce,example_fields.json
job,LastModifiedDate,last_modified_date,Salesforce,example_fields.json
job,CreatedDate,salesforce_created_date,Salesforce,example_fields.json
task,Job__c,job,Salesforce,example_fields.json
task,Name,task_name,Salesforce,example_fields.json
Footage_Passings_Detail__c,CreatedDate,created_datetime,Salesforce,Footage_Passings_Detail__c.json
Footage_Passings_Detail__c,Id,footage_passings_detail_id,Salesforce,Footage_Passings_Detail__c.json
Footage_Passings_Detail__c,IsDeleted,is_deleted,Salesforce,Footage_Passings_Detail__c.json
Footage_Passings_Detail__c,LastActivityDate,last_activity_date,Salesforce,Footage_Passings_Detail__c.json
Footage_Passings_Detail__c,LastModifiedDate,last_modified_datetime,Salesforce,Footage_Passings_Detail__c.json
Footage_Passings_Detail__c,LastReferencedDate,last_referenced_date,Salesforce,Footage_Passings_Detail__c.json
Footage_Passings_Detail__c,LastViewedDate,last_viewed_date,Salesforce,Footage_Passings_Detail__c.json
Footage_Passings_Detail__c,Location__Latitude__s,location_latitude,Salesforce,Footage_Passings_Detail__c.json
Footage_Passings_Detail__c,Location__Longitude__s,location_longitude,Salesforce,Footage_Passings_Detail__c.json
Footage_Passings_Detail__c,PS_Location__Latitude__s,powersupply_location_latitude,Salesforce,Footage_Passings_Detail__c.json
Footage_Passings_Detail__c,PS_Location__Longitude__s,powersupply_location_longitude,Salesforce,Footage_Passings_Detail__c.json
Footage_Passings_Detail__c,SystemModstamp,systemmodstamp_datetime,Salesforce,Footage_Passings_Detail__c.json
Footage_Passings_Detail__c,Added_Aerial_Coax_GT_715__c,added_aerial_coax_greater_than_715,Salesforce,Footage_Passings_Detail__c.json
Footage_Passings_Detail__c,Added_Aerial_Coax_LT_715__c,added_aerial_coax_lesser_than_715,Salesforce,Footage_Passings_Detail__c.json
Footage_Passings_Detail__c,Added_Underground_Coax_GT_715__c,added_underground_coax_greater_than_715,Salesforce,Footage_Passings_Detail__c.json
Footage_Passings_Detail__c,Added_Underground_Coax_LT_715__c,added_underground_coax_lesser_than_715,Salesforce,Footage_Passings_Detail__c.json
Footage_Passings_Detail__c,Aerial_Commercial_Passings__c,aerial_commercial_passings,Salesforce,Footage_Passings_Detail__c.json
Footage_Passings_Detail__c,Aerial_MDU_Passings__c,aerial_multiple_dwelling_unit_passings,Salesforce,Footage_Passings_Detail__c.json
Footage_Passings_Detail__c,Aerial_Residential_Passings__c,aerial_residential_passings,Salesforce,Footage_Passings_Detail__c.json
Footage_Passings_Detail__c,Child_Node_10__c,child_node_10,Salesforce,Footage_Passings_Detail__c.json
Footage_Passings_Detail__c,Child_Node_12__c,child_node_12,Salesforce,Footage_Passings_Detail__c.json
Footage_Passings_Detail__c,Conduit_Only_Footage__c,conduit_only_footage,Salesforce,Footage_Passings_Detail__c.json
Footage_Passings_Detail__c,CreatedById,createdbyid,Salesforce,Footage_Passings_Detail__c.json
Footage_Passings_Detail__c,Detail_Type__c,detail_type,Salesforce,Footage_Passings_Detail__c.json
Footage_Passings_Detail__c,Document_Type__c,document_type,Salesforce,Footage_Passings_Detail__c.json
Footage_Passings_Detail__c,Existing_UG_Route_New_Coax__c,existing_underground_route_new_coax,Salesforce,Footage_Passings_Detail__c.json
Footage_Passings_Detail__c,Existing_UG_Route_New_Fiber__c,existing_underground_route_new_fiber,Salesforce,Footage_Passings_Detail__c.json
Footage_Passings_Detail__c,Inside_Footage__c,inside_footage,Salesforce,Footage_Passings_Detail__c.json
Footage_Passings_Detail__c,Job__c,job_id,Salesforce,Footage_Passings_Detail__c.json
Footage_Passings_Detail__c,LastModifiedById,last_modified_by_id,Salesforce,Footage_Passings_Detail__c.json
Footage_Passings_Detail__c,Latitude__c,latitude,Salesforce,Footage_Passings_Detail__c.json
Footage_Passings_Detail__c,Location__c,location,Salesforce,Footage_Passings_Detail__c.json
Footage_Passings_Detail__c,Location_Latitude__c,location_latitude,Salesforce,Footage_Passings_Detail__c.json
Footage_Passings_Detail__c,Location_Longitude__c,location_longitude,Salesforce,Footage_Passings_Detail__c.json
Footage_Passings_Detail__c,Longitude__c,longitude,Salesforce,Footage_Passings_Detail__c.json
Footage_Passings_Detail__c,Name,canonical_footage_passings_detail_id,Salesforce,Footage_Passings_Detail__c.json
Footage_Passings_Detail__c,New_Aerial_Coax__c,new_aerial_coax,Salesforce,Footage_Passings_Detail__c.json
Footage_Passings_Detail__c,New_Aerial_Coax_GT_715__c,new_aerial_coax_greater_than_715,Salesforce,Footage_Passings_Detail__c.json
Footage_Passings_Detail__c,New_Aerial_Coax_LT_715__c,new_aerial_coax_lesser_than_715,Salesforce,Footage_Passings_Detail__c.json
Footage_Passings_Detail__c,New_Aerial_Fiber__c,new_aerial_fiber,Salesforce,Footage_Passings_Detail__c.json
Footage_Passings_Detail__c,New_Amplifier__c,new_amplifier,Salesforce,Footage_Passings_Detail__c.json
Footage_Passings_Detail__c,New_Node_10__c,new_node_10,Salesforce,Footage_Passings_Detail__c.json
Footage_Passings_Detail__c,New_Node_12__c,new_node_12,Salesforce,Footage_Passings_Detail__c.json
Footage_Passings_Detail__c,New_Underground_Coax__c,new_underground_coax,Salesforce,Footage_Passings_Detail__c.json
Footage_Passings_Detail__c,New_Underground_Coax_GT_715__c,new_underground_coax_greater_than_715,Salesforce,Footage_Passings_Detail__c.json
Footage_Passings_Detail__c,New_Underground_Coax_LT_715__c,new_underground_coax_lesser_than_715,Salesforce,Footage_Passings_Detail__c.json
Footage_Passings_Detail__c,New_Underground_Fiber__c,new_underground_fiber,Salesforce,Footage_Passings_Detail__c.json
Footage_Passings_Detail__c,Node_Housing__c,node_housing,Salesforce,Footage_Passings_Detail__c.json
Footage_Passings_Detail__c,Node_Name__c,node_name,Salesforce,Footage_Passings_Detail__c.json
Footage_Passings_Detail__c,Node_Segment__c,node_segment,Salesforce,Footage_Passings_Detail__c.json
Footage_Passings_Detail__c,Overlash_Coax__c,overlash_coax,Salesforce,Footage_Passings_Detail__c.json
Footage_Passings_Detail__c,Overlash_Fiber__c,overlash_fiber,Salesforce,Footage_Passings_Detail__c.json
Footage_Passings_Detail__c,OwnerId,ownerid,Salesforce,Footage_Passings_Detail__c.json
Footage_Passings_Detail__c,P2_JOB_ID__c,p2_job_id,Salesforce,Footage_Passings_Detail__c.json
Footage_Passings_Detail__c,PS_Address__c,powersupply_address,Salesforce,Footage_Passings_Detail__c.json
Footage_Passings_Detail__c,PS_Change_Type__c,powersupply_change_type,Salesforce,Footage_Passings_Detail__c.json
Footage_Passings_Detail__c,PS_Design_Load__c,powersupply_design_load,Salesforce,Footage_Passings_Detail__c.json
Footage_Passings_Detail__c,PS_Latitude__c,powersupply_latitude,Salesforce,Footage_Passings_Detail__c.json
Footage_Passings_Detail__c,PS_Location__c,powersupply_location,Salesforce,Footage_Passings_Detail__c.json
Footage_Passings_Detail__c,PS_Longitude__c,powersupply_longitude,Salesforce,Footage_Passings_Detail__c.json
Footage_Passings_Detail__c,PS_Name__c,powersupply_name,Salesforce,Footage_Passings_Detail__c.json
Footage_Passings_Detail__c,PS_Pole_Ped_Id__c,powersupply_pole_ped_id,Salesforce,Footage_Passings_Detail__c.json
Footage_Passings_Detail__c,PS_Required__c,powersupply_required,Salesforce,Footage_Passings_Detail__c.json
Footage_Passings_Detail__c,PS_Size__c,powersupply_size,Salesforce,Footage_Passings_Detail__c.json
Footage_Passings_Detail__c,PS_Standby__c,powersupply_standby,Salesforce,Footage_Passings_Detail__c.json
Footage_Passings_Detail__c,RecordTypeId,record_type_id,Salesforce,Footage_Passings_Detail__c.json
Footage_Passings_Detail__c,RF_Node_Active_Ports__c,rf_node_active_ports,Salesforce,Footage_Passings_Detail__c.json
Footage_Passings_Detail__c,RF_Node_Max_Ports__c,rf_node_max_ports,Salesforce,Footage_Passings_Detail__c.json
Footage_Passings_Detail__c,RPD_Name__c,rpd_name,Salesforce,Footage_Passings_Detail__c.json
Footage_Passings_Detail__c,Total_Aerial_Plant_Feet__c,total_aerial_plant_feet,Salesforce,Footage_Passings_Detail__c.json
Footage_Passings_Detail__c,Total_Feet__c,total_feet,Salesforce,Footage_Passings_Detail__c.json
Footage_Passings_Detail__c,Total_Passings__c,total_passings,Salesforce,Footage_Passings_Detail__c.json
Footage_Passings_Detail__c,Total_Plant_Feet__c,total_plant_feet,Salesforce,Footage_Passings_Detail__c.json
Footage_Passings_Detail__c,Total_UG_Plant_Feet__c,total_underground_plant_feet,Salesforce,Footage_Passings_Detail__c.json
Footage_Passings_Detail__c,Underground_Commercial_Passings__c,underground_commercial_passings,Salesforce,Footage_Passings_Detail__c.json
Footage_Passings_Detail__c,Underground_MDU_Passings__c,underground_multiple_dwelling_unit_passings,Salesforce,Footage_Passings_Detail__c.json
Footage_Passings_Detail__c,Underground_Residential_Passings__c,underground_residential_passings,Salesforce,Footage_Passings_Detail__c.json
Footage_Passings_Detail__c,Upgrade_Existing_Amplifier__c,upgrade_existing_amplifier,Salesforce,Footage_Passings_Detail__c.json
Footage_Passings_Detail__c,kafka_timestamp,data_warehouse_delivery_datetime,Salesforce,Footage_Passings_Detail__c.json
multipass-material-estimate,bom_type,bill_of_material_type,Multipass,multipass-material-estimate.json
multipass-material-estimate,carried_by_warehouse,is_carried_by_warehouse,Multipass,multipass-material-estimate.json
multipass-material-estimate,quantity,quantity,Multipass,multipass-material-estimate.json
multipass-material-estimate,warehouse_code,warehouse_code,Multipass,multipass-material-estimate.json
multipass-material-estimate,cifa_number,cifa_number,Multipass,multipass-material-estimate.json
multipass-material-estimate,description,description,Multipass,multipass-material-estimate.json
multipass-material-estimate,last_modified_date,last_modified_datetime,Multipass,multipass-material-estimate.json
multipass-material-estimate,manufacturer_name,manufacturer_name,Multipass,multipass-material-estimate.json
multipass-material-estimate,last_modified_by,last_modified_by_comcast_guid,Multipass,multipass-material-estimate.json
multipass-material-estimate,created_by,created_by_multipass_userid,Multipass,multipass-material-estimate.json
multipass-material-estimate,bom_id,bill_of_material_id,Multipass,multipass-material-estimate.json
multipass-material-estimate,cifa_part_number,cifa_part_number,Multipass,multipass-material-estimate.json
multipass-material-estimate,job_id,job_multipass_id,Multipass,multipass-material-estimate.json
multipass-material-estimate,cost_per_unit,cost_per_unit,Multipass,multipass-material-estimate.json
multipass-material-estimate,unit_of_measure,unit_of_measure,Multipass,multipass-material-estimate.json
multipass-material-estimate,action,action,Multipass,multipass-material-estimate.json
multipass-material-estimate,id,material_estimate_id,Multipass,multipass-material-estimate.json
multipass-material-estimate,created_date,created_datetime,Multipass,multipass-material-estimate.json
multipass-material-estimate,category,category,Multipass,multipass-material-estimate.json
multipass-material-estimate,status,status,Multipass,multipass-material-estimate.json
multipass-job-warehouse,salesforce_job_id,job_id,Multipass,multipass-material-estimate.json
Contact__c,BP_Permission_Tier__c,business_partner_permission_tier,Salesforce,Contact__c.json
Contact__c,Business_Partner__c,business_partner_id,Salesforce,Contact__c.json
Contact__c,Comcast_GUID__c,comcast_guid,Salesforce,Contact__c.json
Contact__c,CreatedById,created_by_id,Salesforce,Contact__c.json
Contact__c,CreatedDate,created_datetime,Salesforce,Contact__c.json
Contact__c,Division__c,division,Salesforce,Contact__c.json
Contact__c,Employee_Status_Desc__c,employee_status_description,Salesforce,Contact__c.json
Contact__c,FirstName,first_name,Salesforce,Contact__c.json
Contact__c,Id,user_contact_id,Salesforce,Contact__c.json
Contact__c,job_descr__c,job_description,Salesforce,Contact__c.json
Contact__c,Job_Level__c,job_level,Salesforce,Contact__c.json
Contact__c,LastModifiedDate,last_modified_datetime,Salesforce,Contact__c.json
Contact__c,LastName,last_name,Salesforce,Contact__c.json
Contact__c,Network_ID__c,network_id,Salesforce,Contact__c.json
Contact__c,Notify_Task_Scheduled_Date__c,is_notified_of_task_scheduled_date_change,Salesforce,Contact__c.json
Contact__c,Position__c,position,Salesforce,Contact__c.json
Contact__c,Position_Descr__c,position_description,Salesforce,Contact__c.json
Contact__c,Region__c,region,Salesforce,Contact__c.json
Contact__c,Supervisor_Name__c,supervisor_name,Salesforce,Contact__c.json
Contact__c,User__c,user_id,Salesforce,Contact__c.json
Contact__c,User_Type__c,user_type,Salesforce,Contact__c.json
user,Id,user_id,Salesforce,user.json
user,LastModifiedDate,last_modified_datetime,Salesforce,user.json
user,IsActive,user_active,Salesforce,user.json
user,BP_ID__c,business_partner_id,Salesforce,user.json
user,BP_User_Tier__c,vendor_tier,Salesforce,user.json
user,Business_Partner_Name__c,business_partner_name,Salesforce,user.json
user,COMCAST_GUID__c,comcast_guid,Salesforce,user.json
user,CompanyName,company_name,Salesforce,user.json
user,CreatedById,created_by_id,Salesforce,user.json
user,CreatedDate,created_datetime,Salesforce,user.json
user,LastModifiedById,last_modified_by_id,Salesforce,user.json
user,Department,department_name,Salesforce,user.json
user,Division__c,division,Salesforce,user.json
user,Email,email,Salesforce,user.json
user,EmployeeNumber,employee_number,Salesforce,user.json
user,Employee_Status_Description__c,employee_status,Salesforce,user.json
user,LastName,last_name,Salesforce,user.json
user,FirstName,first_name,Salesforce,user.json
user,Funding_Approval_and_Reject__c,is_allowed_to_funding_approve_and_reject,Salesforce,user.json
user,Name,name,Salesforce,user.json
user,Job_Description__c,job_description,Salesforce,user.json
user,Network_ID__c,nt_id,Salesforce,user.json
user,Phone,phone,Salesforce,user.json
user,P2_Permissions_Tier__c,financial_permissions_tier,Salesforce,user.json
user,Region__c,region,Salesforce,user.json
user,Supervisor_Name__c,supervisor_name,Salesforce,user.json
user,UserRoleId,user_role,Salesforce,user.json
user,Title,title,Salesforce,user.json
user,User_Division__c,user_division,Salesforce,user.json
user,Username,canonical_user_id,Salesforce,user.json
user,UserType,user_type,Salesforce,user.json
user,Work_Type__c,work_type,Salesforce,user.json
user,kafka_timestamp,data_warehouse_delivery_datetime,Salesforce,user.json
region_essbase_mapping,P2_REGION_NAME,P2_REGION_NAME,csv_upload,region_essbase_mapping.json
region_essbase_mapping,ESSBASE_REGION_CODE,ESSBASE_REGION_CODE,csv_upload,region_essbase_mapping.json
region_essbase_mapping,ESSBASE_REGION_NAME,ESSBASE_REGION_NAME,csv_upload,region_essbase_mapping.json
region_essbase_mapping,LastModifiedDate,LastModifiedDate,csv_upload,region_essbase_mapping.json
Invoice_line_item__c,Id,invoice_line_item_id,Salesforce,Invoice_Line_Item__c.json
Invoice_line_item__c,LastModifiedDate,last_modified_datetime,Salesforce,Invoice_Line_Item__c.json
Invoice_line_item__c,Estimate_Item__c,purchase_order_reservation_id,Salesforce,Invoice_Line_Item__c.json
Invoice_line_item__c,Job__c,job_id,Salesforce,Invoice_Line_Item__c.json
Invoice_line_item__c,Invoice__c,invoice_id,Salesforce,Invoice_Line_Item__c.json
Invoice_line_item__c,Labor_Code_Text__c,labor_code_text,Salesforce,Invoice_Line_Item__c.json
Invoice_line_item__c,Name,canonical_invoice_line_item_id,Salesforce,Invoice_Line_Item__c.json
Invoice_line_item__c,Status__c,status,Salesforce,Invoice_Line_Item__c.json
Invoice_line_item__c,Invoice_Line_Amount__c,invoice_line_amount,Salesforce,Invoice_Line_Item__c.json
Invoice_line_item__c,Unit_Price__c,unit_price,Salesforce,Invoice_Line_Item__c.json
Invoice_line_item__c,Line_Quantity__c,line_quantity,Salesforce,Invoice_Line_Item__c.json
Invoice_line_item__c,kafka_timestamp,data_warehouse_delivery_datetime,Salesforce,Invoice_Line_Item__c.json
Oracle_Purchase_Order__c,Id,oracle_purchase_order_id,Salesforce,Oracle_Purchase_Order__c.json
Oracle_Purchase_Order__c,LastModifiedDate,last_modified_datetime,Salesforce,Oracle_Purchase_Order__c.json
Oracle_Purchase_Order__c,Oracle_PO_Total_Amount__c,oracle_purchase_order_total_amount,Salesforce,Oracle_Purchase_Order__c.json
Oracle_Purchase_Order__c,PO_Number__c,purchase_order_number,Salesforce,Oracle_Purchase_Order__c.json
Oracle_Purchase_Order__c,Project_Name__c,project_name,Salesforce,Oracle_Purchase_Order__c.json
Oracle_Purchase_Order__c,Project_Number__c,project_number,Salesforce,Oracle_Purchase_Order__c.json
Oracle_Purchase_Order__c,Status__c,status,Salesforce,Oracle_Purchase_Order__c.json
Oracle_Purchase_Order__c,Sys_PO_Released_Amount__c,purchase_order_released_amount,Salesforce,Oracle_Purchase_Order__c.json
Oracle_Purchase_Order__c,kafka_timestamp,data_warehouse_delivery_datetime,Salesforce,Oracle_Purchase_Order__c.json
P2_Task__c,CreatedDate,created_datetime,Salesforce,P2_Task__c.json
P2_Task__c,Id,task_id,Salesforce,P2_Task__c.json
P2_Task__c,LastModifiedDate,last_modified_datetime,Salesforce,P2_Task__c.json
P2_Task__c,Accepted_By__c,accepted_by,Salesforce,P2_Task__c.json
P2_Task__c,Accepted_By_IG__c,accepted_by_internal_group,Salesforce,P2_Task__c.json
P2_Task__c,Accepted_By_IG_Date__c,accepted_by_internal_group_datetime,Salesforce,P2_Task__c.json
P2_Task__c,Accepted_By_User__c,accepted_by_user,Salesforce,P2_Task__c.json
P2_Task__c,Accepted_Date__c,accepted_datetime,Salesforce,P2_Task__c.json
P2_Task__c,Accepted_To_Ready_for_Approval_Interval__c,accepted_to_ready_for_approval_interval,Salesforce,P2_Task__c.json
P2_Task__c,Approved_By__c,approved_by,Salesforce,P2_Task__c.json
P2_Task__c,Approved_Date__c,approved_datetime,Salesforce,P2_Task__c.json
P2_Task__c,Approved_Interval__c,approved_interval,Salesforce,P2_Task__c.json
P2_Task__c,Area__c,area,Salesforce,P2_Task__c.json
P2_Task__c,Assigned_By__c,assigned_by,Salesforce,P2_Task__c.json
P2_Task__c,Assigned_By_IG__c,assigned_by_internal_group,Salesforce,P2_Task__c.json
P2_Task__c,Assigned_By_IG_Date__c,assigned_by_internal_group_datetime,Salesforce,P2_Task__c.json
P2_Task__c,Assigned_By_User__c,assigned_by_user,Salesforce,P2_Task__c.json
P2_Task__c,Assigned_Date__c,assigned_datetime,Salesforce,P2_Task__c.json
P2_Task__c,Assigned_To_ReadyFor_Approval_Interval__c,assigned_to_readyfor_approval_interval,Salesforce,P2_Task__c.json
P2_Task__c,BP_Time_to_Accept__c,business_partner_time_to_accept,Salesforce,P2_Task__c.json
P2_Task__c,Business_Partner__c,business_partner_id,Salesforce,P2_Task__c.json
P2_Task__c,Business_Partner_Name__c,business_partner_name,Salesforce,P2_Task__c.json
P2_Task__c,Change_Date_Notes__c,change_date_notes,Salesforce,P2_Task__c.json
P2_Task__c,Change_Date_Reason__c,change_date_reason,Salesforce,P2_Task__c.json
P2_Task__c,Child_Node__c,child_node_id,Salesforce,P2_Task__c.json
P2_Task__c,Clarification_Reason__c,clarification_reason,Salesforce,P2_Task__c.json
P2_Task__c,Comment__c,comment,Salesforce,P2_Task__c.json
P2_Task__c,CreatedById,created_by_id,Salesforce,P2_Task__c.json
P2_Task__c,Date_Changed_By__c,date_changed_by,Salesforce,P2_Task__c.json
P2_Task__c,Date_Changed_Date__c,date_changed_datetime,Salesforce,P2_Task__c.json
P2_Task__c,Division__c,division,Salesforce,P2_Task__c.json
P2_Task__c,Expected_Date__c,expected_date,Salesforce,P2_Task__c.json
P2_Task__c,First_Accepted__c,first_accepted_datetime,Salesforce,P2_Task__c.json
P2_Task__c,Hold_Days__c,hold_days,Salesforce,P2_Task__c.json
P2_Task__c,Hold_End_Date__c,hold_end_datetime,Salesforce,P2_Task__c.json
P2_Task__c,Hold_Start_Date__c,hold_start_datetime,Salesforce,P2_Task__c.json
P2_Task__c,Hold_Task__c,hold_task,Salesforce,P2_Task__c.json
P2_Task__c,Hub__c,hub,Salesforce,P2_Task__c.json
P2_Task__c,Hub_CLLI__c,hub_clli,Salesforce,P2_Task__c.json
P2_Task__c,IG_Time_to_Accept__c,internal_group_time_to_accept,Salesforce,P2_Task__c.json
P2_Task__c,In_Progress_Aging_Days__c,in_progress_aging_days,Salesforce,P2_Task__c.json
P2_Task__c,Info_Provided_By__c,info_provided_by,Salesforce,P2_Task__c.json
P2_Task__c,Info_Provided_By_User__c,info_provided_by_user,Salesforce,P2_Task__c.json
P2_Task__c,Info_Provided_Date__c,info_provided_datetime,Salesforce,P2_Task__c.json
P2_Task__c,Info_Provided_Interval__c,info_provided_interval,Salesforce,P2_Task__c.json
P2_Task__c,Info_Requested_By__c,info_requested_by,Salesforce,P2_Task__c.json
P2_Task__c,Info_Requested_By_User__c,info_requested_by_user,Salesforce,P2_Task__c.json
P2_Task__c,Info_Requested_Date__c,info_requested_datetime,Salesforce,P2_Task__c.json
P2_Task__c,Internal_Group__c,internal_group_id,Salesforce,P2_Task__c.json
P2_Task__c,Job__c,job_id,Salesforce,P2_Task__c.json
P2_Task__c,Job_Category__c,job_category,Salesforce,P2_Task__c.json
P2_Task__c,Job_Description__c,job_description,Salesforce,P2_Task__c.json
P2_Task__c,Job_Division__c,job_division,Salesforce,P2_Task__c.json
P2_Task__c,Job_ID__c,salesforce_job_id,Salesforce,P2_Task__c.json
P2_Task__c,Job_Name__c,job_name,Salesforce,P2_Task__c.json
P2_Task__c,Job_Owner_Email__c,job_owner_email,Salesforce,P2_Task__c.json
P2_Task__c,Job_Owner_Name__c,job_owner_name,Salesforce,P2_Task__c.json
P2_Task__c,Job_Region__c,job_region,Salesforce,P2_Task__c.json
P2_Task__c,Job_Status__c,job_status,Salesforce,P2_Task__c.json
P2_Task__c,Job_Type__c,job_type,Salesforce,P2_Task__c.json
P2_Task__c,Job_Type_Category__c,job_type_category,Salesforce,P2_Task__c.json
P2_Task__c,Justification__c,justification,Salesforce,P2_Task__c.json
P2_Task__c,LastModifiedById,last_modified_by_id,Salesforce,P2_Task__c.json
P2_Task__c,LatLong__c,latitude_longitude,Salesforce,P2_Task__c.json
P2_Task__c,Market__c,market,Salesforce,P2_Task__c.json
P2_Task__c,Milestone__c,milestone,Salesforce,P2_Task__c.json
P2_Task__c,Name,canonical_task_id,Salesforce,P2_Task__c.json
P2_Task__c,Need_Info_Notes__c,need_info_notes,Salesforce,P2_Task__c.json
P2_Task__c,Note__c,note,Salesforce,P2_Task__c.json
P2_Task__c,On_Time__c,on_time,Salesforce,P2_Task__c.json
P2_Task__c,Owner_Email__c,owner_email,Salesforce,P2_Task__c.json
P2_Task__c,Owner_Name__c,owner_name,Salesforce,P2_Task__c.json
P2_Task__c,Principle__c,principle,Salesforce,P2_Task__c.json
P2_Task__c,QC_Passed_Failed__c,qc_passed_failed,Salesforce,P2_Task__c.json
P2_Task__c,QC_Result__c,qc_result,Salesforce,P2_Task__c.json
P2_Task__c,Qty_Archeological__c,quantity_of_archeological_permits,Salesforce,P2_Task__c.json
P2_Task__c,Qty_City__c,quantity_of_city_permits,Salesforce,P2_Task__c.json
P2_Task__c,Qty_County__c,quantity_of_county_permits,Salesforce,P2_Task__c.json
P2_Task__c,Qty_Dept_Of_Transportation__c,quantity_of_department_of_transportation_permits,Salesforce,P2_Task__c.json
P2_Task__c,Qty_Easements__c,quantity_of_easements_permits,Salesforce,P2_Task__c.json
P2_Task__c,Qty_Flood_Control__c,quantity_of_flood_control_permits,Salesforce,P2_Task__c.json
P2_Task__c,Qty_Letter_of_Non_Objection__c,quantity_of_letter_of_non_objection_permits,Salesforce,P2_Task__c.json
P2_Task__c,Qty_Make_Ready__c,quantity_of_pole_make_ready_permits,Salesforce,P2_Task__c.json
P2_Task__c,Qty_Municipal__c,quantity_of_municipal_permits,Salesforce,P2_Task__c.json
P2_Task__c,Qty_Natural_Resources__c,quantity_of_natural_resources_permits,Salesforce,P2_Task__c.json
P2_Task__c,Qty_Other__c,quantity_of_other_permits,Salesforce,P2_Task__c.json
P2_Task__c,Qty_Parks_Recreation__c,quantity_of_parks_recreation_permits,Salesforce,P2_Task__c.json
P2_Task__c,Qty_Pipeline__c,quantity_of_pipeline_permits,Salesforce,P2_Task__c.json
P2_Task__c,Qty_Pole_Make_Ready__c,quantity_of_make_ready_permits,Salesforce,P2_Task__c.json
P2_Task__c,Qty_Pole_Permits__c,quantity_of_pole_permits,Salesforce,P2_Task__c.json
P2_Task__c,Qty_Railroad__c,quantity_of_aailroad_permits,Salesforce,P2_Task__c.json
P2_Task__c,Qty_River_Authority__c,quantity_of_river_authority_permits,Salesforce,P2_Task__c.json
P2_Task__c,Qty_Toll_Road__c,quantity_of_toll_road_permits,Salesforce,P2_Task__c.json
P2_Task__c,Qty_Trench_Permits__c,quantity_of_trench_permits,Salesforce,P2_Task__c.json
P2_Task__c,Qty_Utility__c,quantity_of_utility_permits,Salesforce,P2_Task__c.json
P2_Task__c,Ready_for_Approval_By__c,ready_for_approval_by,Salesforce,P2_Task__c.json
P2_Task__c,Ready_for_Approval_By_User__c,ready_for_approval_by_user,Salesforce,P2_Task__c.json
P2_Task__c,Ready_for_Approval_Date__c,ready_for_approval_datetime,Salesforce,P2_Task__c.json
P2_Task__c,Ready_For_Obtain_Permit__c,ready_for_obtain_permit,Salesforce,P2_Task__c.json
P2_Task__c,Reason_Code__c,reason_code,Salesforce,P2_Task__c.json
P2_Task__c,Reason_for_Not_Required__c,reason_for_not_required,Salesforce,P2_Task__c.json
P2_Task__c,Reassign_Notes__c,reassign_notes,Salesforce,P2_Task__c.json
P2_Task__c,Reassigned_By__c,reassigned_by,Salesforce,P2_Task__c.json
P2_Task__c,Reassigned_By_IG__c,reassigned_by_internal_group,Salesforce,P2_Task__c.json
P2_Task__c,Reassigned_By_IG_Date__c,reassigned_by_internal_group_datetime,Salesforce,P2_Task__c.json
P2_Task__c,Reassigned_By_User__c,reassigned_by_user,Salesforce,P2_Task__c.json
P2_Task__c,Reassigned_Date__c,reassigned_datetime,Salesforce,P2_Task__c.json
P2_Task__c,Reassigned_Interval__c,reassigned_interval,Salesforce,P2_Task__c.json
P2_Task__c,Region__c,region,Salesforce,P2_Task__c.json
P2_Task__c,Rework_Notes__c,rework_notes,Salesforce,P2_Task__c.json
P2_Task__c,Rework_Reason_Code__c,rework_reason_code,Salesforce,P2_Task__c.json
P2_Task__c,Rework_Requested_By__c,rework_requested_by,Salesforce,P2_Task__c.json
P2_Task__c,Rework_Requested_Date__c,rework_requested_datetime,Salesforce,P2_Task__c.json
P2_Task__c,Scheduled_Date__c,scheduled_date,Salesforce,P2_Task__c.json
P2_Task__c,Status__c,status,Salesforce,P2_Task__c.json
P2_Task__c,StatusHoldSummary__c,statusholdsummary,Salesforce,P2_Task__c.json
P2_Task__c,Sub_Type__c,sub_type,Salesforce,P2_Task__c.json
P2_Task__c,Survey_Type__c,survey_type,Salesforce,P2_Task__c.json
P2_Task__c,System__c,system_market_area,Salesforce,P2_Task__c.json
P2_Task__c,Task_Completion_Interval__c,task_completion_interval,Salesforce,P2_Task__c.json
P2_Task__c,Task_Creation_Aging_Days__c,task_creation_aging_days,Salesforce,P2_Task__c.json
P2_Task__c,Task_Description__c,task_description,Salesforce,P2_Task__c.json
P2_Task__c,Task_Hold_Reason__c,task_hold_reason,Salesforce,P2_Task__c.json
P2_Task__c,Task_Manager__c,task_manager,Salesforce,P2_Task__c.json
P2_Task__c,Task_Name__c,task_name,Salesforce,P2_Task__c.json
P2_Task__c,Task_Not_Required_Date__c,task_not_required_datetime,Salesforce,P2_Task__c.json
P2_Task__c,Task_Owner__c,task_owner,Salesforce,P2_Task__c.json
P2_Task__c,Task_Owner_Email__c,task_owner_email,Salesforce,P2_Task__c.json
P2_Task__c,Task_Type__c,task_type,Salesforce,P2_Task__c.json
P2_Task__c,Task_Type_Formula__c,task_type_formula,Salesforce,P2_Task__c.json
P2_Task__c,Total_Interval__c,total_interval,Salesforce,P2_Task__c.json
P2_Task__c,Work_Completed_Dt__c,work_completed_date,Salesforce,P2_Task__c.json
P2_Task__c,kafka_timestamp,data_warehouse_delivery_datetime,Salesforce,P2_Task__c.json
multipass-job-warehouse,warehouse_type,warehouse_type,Multipass,multipass-job-warehouse.json
multipass-job-warehouse,warehouse_name,warehouse_name,Multipass,multipass-job-warehouse.json
multipass-job-warehouse,job_id,job_multipass_id,Multipass,multipass-job-warehouse.json
multipass-job-warehouse,warehouse_code,warehouse_code,Multipass,multipass-job-warehouse.json
multipass-job-warehouse,last_modified_date,last_modified_datetime,Multipass,multipass-job-warehouse.json
multipass-job-warehouse,id,warehouse_id,Multipass,multipass-job-warehouse.json
multipass-job-warehouse,last_modified_by,last_modified_by_comcast_guid,Multipass,multipass-job-warehouse.json
multipass-job-warehouse,salesforce_job_id,job_id,Multipass,multipass-job-warehouse.json
ldap-records,sAMAccountName,nt_id,LDAP,ldap-records.json
ldap-records,displayName,person_name,LDAP,ldap-records.json
ldap-records,mail,person_email,LDAP,ldap-records.json
ldap-records,description,directory_description,LDAP,ldap-records.json
ldap-records,ComcastGUID,comcast_guid,LDAP,ldap-records.json
ldap-records,whenChanged,last_modified_date,LDAP,ldap-records.json
Footage_Passings_Summary__c,As_Built_Detail__c,as_built_detail_task_id,Salesforce,Footage_Passings_Summary__c.json
Footage_Passings_Summary__c,As_Built_Total_Feet__c,as_built_total_feet,Salesforce,Footage_Passings_Summary__c.json
Footage_Passings_Summary__c,As_Built_Total_Passings__c,as_built_total_passings,Salesforce,Footage_Passings_Summary__c.json
Footage_Passings_Summary__c,As_Built_Total_Plant_Feet__c,as_built_total_plant_feet,Salesforce,Footage_Passings_Summary__c.json
Footage_Passings_Summary__c,Child_Node__c,child_node_id,Salesforce,Footage_Passings_Summary__c.json
Footage_Passings_Summary__c,Construction_Type__c,construction_type,Salesforce,Footage_Passings_Summary__c.json
Footage_Passings_Summary__c,CreatedById,created_by_id,Salesforce,Footage_Passings_Summary__c.json
Footage_Passings_Summary__c,CreatedDate,created_datetime,Salesforce,Footage_Passings_Summary__c.json
Footage_Passings_Summary__c,Deleted_Status__c,deleted_status,Salesforce,Footage_Passings_Summary__c.json
Footage_Passings_Summary__c,Design_Detail__c,design_detail_task_id,Salesforce,Footage_Passings_Summary__c.json
Footage_Passings_Summary__c,Design_Total_Feet__c,design_total_feet,Salesforce,Footage_Passings_Summary__c.json
Footage_Passings_Summary__c,Design_Total_Passings__c,design_total_passings,Salesforce,Footage_Passings_Summary__c.json
Footage_Passings_Summary__c,Design_Total_Plant_Feet__c,design_total_plant_feet,Salesforce,Footage_Passings_Summary__c.json
Footage_Passings_Summary__c,Id,footage_passings_summary_id,Salesforce,Footage_Passings_Summary__c.json
Footage_Passings_Summary__c,IsDeleted,is_deleted,Salesforce,Footage_Passings_Summary__c.json
Footage_Passings_Summary__c,Job__c,job_id,Salesforce,Footage_Passings_Summary__c.json
Footage_Passings_Summary__c,Job_Type__c,job_type,Salesforce,Footage_Passings_Summary__c.json
Footage_Passings_Summary__c,LastModifiedById,last_modified_by_id,Salesforce,Footage_Passings_Summary__c.json
Footage_Passings_Summary__c,LastModifiedDate,last_modified_datetime,Salesforce,Footage_Passings_Summary__c.json
Footage_Passings_Summary__c,LastReferencedDate,last_referenced_date,Salesforce,Footage_Passings_Summary__c.json
Footage_Passings_Summary__c,LastViewedDate,last_viewed_date,Salesforce,Footage_Passings_Summary__c.json
Footage_Passings_Summary__c,Name,canonical_footage_passings_summary_id,Salesforce,Footage_Passings_Summary__c.json
Footage_Passings_Summary__c,Name__c,footage_passings_summary_name,Salesforce,Footage_Passings_Summary__c.json
Footage_Passings_Summary__c,Node_Name__c,node_name,Salesforce,Footage_Passings_Summary__c.json
Footage_Passings_Summary__c,OwnerId,owner_id,Salesforce,Footage_Passings_Summary__c.json
Footage_Passings_Summary__c,SystemModstamp,salesforce_systemmodstamp_datetime,Salesforce,Footage_Passings_Summary__c.json
Footage_Passings_Summary__c,kafka_timestamp,data_warehouse_delivery_datetime,Salesforce,Footage_Passings_Summary__c.json
multipass-bill-of-materials,job_id,job_multipass_id,Multipass,multipass-bill-of-materials.json
multipass-bill-of-materials,attachment_id,attachment_multipass_id,Multipass,multipass-bill-of-materials.json
multipass-bill-of-materials,last_modified_date,last_modified_datetime,Multipass,multipass-bill-of-materials.json
multipass-bill-of-materials,task_id,task_multipass_id,Multipass,multipass-bill-of-materials.json
multipass-bill-of-materials,id,bill_of_material_id,Multipass,multipass-bill-of-materials.json
multipass-bill-of-materials,last_modified_by,last_modified_by_comcast_guid,Multipass,multipass-bill-of-materials.json
multipass-bill-of-materials,type,type,Multipass,multipass-bill-of-materials.json
multipass-bill-of-materials,salesforce_job_id,job_id,Multipass,multipass-bill-of-materials.json
Polaris_Vendor__c,CreatedDate,created_datetime,Salesforce,Polaris_Vendor__c.json
Polaris_Vendor__c,Id,vendor_id,Salesforce,Polaris_Vendor__c.json
Polaris_Vendor__c,IsDeleted,is_deleted,Salesforce,Polaris_Vendor__c.json
Polaris_Vendor__c,LastModifiedDate,last_modified_datetime,Salesforce,Polaris_Vendor__c.json
Polaris_Vendor__c,Abbreviated_Name__c,abbreviated_name,Salesforce,Polaris_Vendor__c.json
Polaris_Vendor__c,CreatedById,created_by_id,Salesforce,Polaris_Vendor__c.json
Polaris_Vendor__c,LastModifiedById,last_modified_by_id,Salesforce,Polaris_Vendor__c.json
Polaris_Vendor__c,My_Company__c,my_company,Salesforce,Polaris_Vendor__c.json
Polaris_Vendor__c,Name,canonical_vendor_id,Salesforce,Polaris_Vendor__c.json
Polaris_Vendor__c,OwnerId,owner_id,Salesforce,Polaris_Vendor__c.json
Polaris_Vendor__c,P2_BP_Number__c,p2_business_partner_number,Salesforce,Polaris_Vendor__c.json
Polaris_Vendor__c,Parent_Business_Partner__c,parent_business_partner_id,Salesforce,Polaris_Vendor__c.json
Polaris_Vendor__c,Polaris_Vendor_ID__c,polaris_vendor_id,Salesforce,Polaris_Vendor__c.json
Polaris_Vendor__c,Polaris_Vendor_Number__c,polaris_vendor_number,Salesforce,Polaris_Vendor__c.json
Polaris_Vendor__c,Supervisor__c,supervisor,Salesforce,Polaris_Vendor__c.json
Polaris_Vendor__c,Type__c,type,Salesforce,Polaris_Vendor__c.json
Polaris_Vendor__c,Vendor_Type__c,vendor_type,Salesforce,Polaris_Vendor__c.json
Polaris_Vendor__c,kafka_timestamp,data_warehouse_delivery_datetime,Salesforce,Polaris_Vendor__c.json
Footage__c,CreatedDate,created_datetime,Salesforce,Footage__c.json
Footage__c,Id,footage_id,Salesforce,Footage__c.json
Footage__c,IsDeleted,is_deleted,Salesforce,Footage__c.json
Footage__c,LastModifiedDate,last_modified_datetime,Salesforce,Footage__c.json
Footage__c,LastReferencedDate,last_referenced_date,Salesforce,Footage__c.json
Footage__c,LastViewedDate,last_viewed_date,Salesforce,Footage__c.json
Footage__c,SystemModstamp,systemmodstamp_datetime,Salesforce,Footage__c.json
Footage__c,Adjustments__c,adjustments,Salesforce,Footage__c.json
Footage__c,Aerial_Coax__c,aerial_coax,Salesforce,Footage__c.json
Footage__c,Aerial_Commercial_Passings__c,aerial_commercial_passings,Salesforce,Footage__c.json
Footage__c,Aerial_Fiber__c,aerial_fiber,Salesforce,Footage__c.json
Footage__c,Aerial_Residential_MDU_Passings__c,aerial_residential_multiple_dwelling_unit_passings,Salesforce,Footage__c.json
Footage__c,Aerial_Residential_SFU_Passings__c,aerial_residential_sfu_passings,Salesforce,Footage__c.json
Footage__c,BP_Abbr__c,business_partner_abbr,Salesforce,Footage__c.json
Footage__c,Business_Partner__c,business_partner_id,Salesforce,Footage__c.json
Footage__c,Child_Node__c,child_node_id,Salesforce,Footage__c.json
Footage__c,Child_Node_Name1__c,child_node_name1,Salesforce,Footage__c.json
Footage__c,Completed_Date__c,completed_date,Salesforce,Footage__c.json
Footage__c,Conduit_Only__c,conduit_only,Salesforce,Footage__c.json
Footage__c,CreatedById,created_by_id,Salesforce,Footage__c.json
Footage__c,Current_Period__c,current_period,Salesforce,Footage__c.json
Footage__c,Description__c,description,Salesforce,Footage__c.json
Footage__c,Existing_UG_Route_New_Coax__c,existing_underground_route_new_coax,Salesforce,Footage__c.json
Footage__c,Existing_UG_Route_New_Fiber__c,existing_underground_route_new_fiber,Salesforce,Footage__c.json
Footage__c,Final__c,final,Salesforce,Footage__c.json
Footage__c,Inside_Footage__c,inside_footage,Salesforce,Footage__c.json
Footage__c,Job__c,job_id,Salesforce,Footage__c.json
Footage__c,Job_Name1__c,job_name1,Salesforce,Footage__c.json
Footage__c,Job_Type__c,job_type,Salesforce,Footage__c.json
Footage__c,LastModifiedById,last_modified_by_id,Salesforce,Footage__c.json
Footage__c,Name,canonical_footage_id,Salesforce,Footage__c.json
Footage__c,New_Aerial_Coax__c,new_aerial_coax,Salesforce,Footage__c.json
Footage__c,New_Aerial_Fiber__c,new_aerial_fiber,Salesforce,Footage__c.json
Footage__c,New_Underground_Coax__c,new_underground_coax,Salesforce,Footage__c.json
Footage__c,New_Underground_Fiber__c,new_underground_fiber,Salesforce,Footage__c.json
Footage__c,Overlash_Aerial_Coax__c,overlash_aerial_coax,Salesforce,Footage__c.json
Footage__c,Overlash_Aerial_Fiber__c,overlash_aerial_fiber,Salesforce,Footage__c.json
Footage__c,Previous_Period__c,previous_period,Salesforce,Footage__c.json
Footage__c,RecordTypeId,record_type_id,Salesforce,Footage__c.json
Footage__c,Reporting_Period_End_Date1__c,reporting_period_end_date1,Salesforce,Footage__c.json
Footage__c,Reporting_Period_Start_Date1__c,reporting_period_start_date1,Salesforce,Footage__c.json
Footage__c,Soft_Delete__c,soft_delete,Salesforce,Footage__c.json
Footage__c,Total_Aerial_Coax_Feet__c,total_aerial_coax_feet,Salesforce,Footage__c.json
Footage__c,Total_Aerial_Fiber_Feet__c,total_aerial_fiber_feet,Salesforce,Footage__c.json
Footage__c,Total_Coax__c,total_coax,Salesforce,Footage__c.json
Footage__c,Total_Constructed_Feet__c,total_constructed_feet,Salesforce,Footage__c.json
Footage__c,Total_Constructed_Plant_Feet__c,total_constructed_plant_feet,Salesforce,Footage__c.json
Footage__c,Total_Fiber__c,total_fiber,Salesforce,Footage__c.json
Footage__c,Total_UG_Coax_Feet__c,total_underground_coax_feet,Salesforce,Footage__c.json
Footage__c,Total_UG_Fiber_Feet__c,total_underground_fiber_feet,Salesforce,Footage__c.json
Footage__c,Underground_Coax__c,underground_coax,Salesforce,Footage__c.json
Footage__c,Underground_Commercial_Passings__c,underground_commercial_passings,Salesforce,Footage__c.json
Footage__c,Underground_Fiber__c,underground_fiber,Salesforce,Footage__c.json
Footage__c,Underground_Residential_MDU_Passings__c,underground_residential_multiple_dwelling_unit_passings,Salesforce,Footage__c.json
Footage__c,Underground_Residential_SFU_Passings__c,underground_residential_sfu_passings,Salesforce,Footage__c.json
Footage__c,Week_No__c,week_no,Salesforce,Footage__c.json
Footage__c,X60_days_Filter__c,x60_days_filter,Salesforce,Footage__c.json
Footage__c,kafka_timestamp,data_warehouse_delivery_datetime,Salesforce,Footage__c.json
,,,,star_schema.json
,,,,star_schema.json
,,,,star_schema.json
,,,,star_schema.json
,,,,star_schema.json
,,,,star_schema.json
,,,,star_schema.json
,,,,star_schema.json
,,,,star_schema.json
,,,,star_schema.json
,,,,star_schema.json
,,,,star_schema.json
Job__c,CreatedDate,created_datetime,Salesforce,Job__c.json
Job__c,Id,job_id,Salesforce,Job__c.json
Job__c,IsDeleted,is_deleted,Salesforce,Job__c.json
Job__c,LastActivityDate,last_activity_date,Salesforce,Job__c.json
Job__c,LastModifiedDate,last_modified_datetime,Salesforce,Job__c.json
Job__c,LastReferencedDate,last_referenced_date,Salesforce,Job__c.json
Job__c,LastViewedDate,last_viewed_date,Salesforce,Job__c.json
Job__c,SystemModstamp,systemmodstamp_datetime,Salesforce,Job__c.json
Job__c,Activation_Milestone__c,activation_milestone,Salesforce,Job__c.json
Job__c,Activation_Milestone_Complete_Date__c,activation_milestone_complete_datetime,Salesforce,Job__c.json
Job__c,Activation_Start_Date__c,activation_start_datetime,Salesforce,Job__c.json
Job__c,Actual_Customer_Contribution_Amount__c,actual_customer_contribution_amount,Salesforce,Job__c.json
Job__c,Actual_Customer_Contribution_Inst_2_Amt__c,actual_customer_contribution_inst_2_amt,Salesforce,Job__c.json
Job__c,Address_Line_1__c,address_line_1,Salesforce,Job__c.json
Job__c,Address_Line_2__c,address_line_2,Salesforce,Job__c.json
Job__c,Addressing__c,addressing,Salesforce,Job__c.json
Job__c,Addressing_Complete_Date__c,addressing_complete_datetime,Salesforce,Job__c.json
Job__c,Addressing_Count__c,addressing_count,Salesforce,Job__c.json
Job__c,Addressing_Start_Date__c,addressing_start_datetime,Salesforce,Job__c.json
Job__c,Agent_Lookup__c,agent_lookup,Salesforce,Job__c.json
Job__c,Agreed_Customer_Contribution_Commitment__c,agreed_customer_contribution_commitment,Salesforce,Job__c.json
Job__c,Alert__c,alert,Salesforce,Job__c.json
Job__c,Alt_Site_Contact_Email__c,alternate_local_site_contact_email,Salesforce,Job__c.json
Job__c,Alt_Site_Contact_Name__c,alternate_local_site_contact_name,Salesforce,Job__c.json
Job__c,Alt_Site_Contact_Phone__c,alternate_local_site_contact_phone,Salesforce,Job__c.json
Job__c,Approval_Process_Status__c,approval_process_status,Salesforce,Job__c.json
Job__c,Approval_Status__c,approval_status,Salesforce,Job__c.json
Job__c,Approval_Status_Formula__c,approval_status_formula,Salesforce,Job__c.json
Job__c,ARBS_ARPU_MRC__c,arbs_arpu_mrc,Salesforce,Job__c.json
Job__c,Architecture__c,architecture,Salesforce,Job__c.json
Job__c,Area__c,area,Salesforce,Job__c.json
Job__c,As_Built_Complete_Date__c,as_built_complete_datetime,Salesforce,Job__c.json
Job__c,As_Built_Milestone__c,as_built_milestone,Salesforce,Job__c.json
Job__c,As_Built_Start_Date__c,as_built_start_datetime,Salesforce,Job__c.json
Job__c,Assigned_To__c,assigned_to,Salesforce,Job__c.json
Job__c,BP_email__c,business_partner_email,Salesforce,Job__c.json
Job__c,BP_Name__c,business_partner_name,Salesforce,Job__c.json
Job__c,Brownfield__c,brownfield,Salesforce,Job__c.json
Job__c,BypassValidationForProcessBuilder__c,bypass_validation_for_processbuilder,Salesforce,Job__c.json
Job__c,Cancel_Job_Status__c,cancel_job_status,Salesforce,Job__c.json
Job__c,Cancel_Reason__c,cancel_reason,Salesforce,Job__c.json
Job__c,Cash_Flow_Margin__c,cash_flow_margin,Salesforce,Job__c.json
Job__c,Category_Type__c,category_type,Salesforce,Job__c.json
Job__c,Change_Date_Notes__c,change_date_notes,Salesforce,Job__c.json
Job__c,Change_Date_Reason__c,change_date_reason,Salesforce,Job__c.json
Job__c,Channel_Downstream_Wavelength__c,channel_downstream_wavelength,Salesforce,Job__c.json
Job__c,Channel_Upstream_Wavelength__c,channel_upstream_wavelength,Salesforce,Job__c.json
Job__c,Check_Confirmation__c,check_confirmation,Salesforce,Job__c.json
Job__c,Check_List_Check__c,check_list_check,Salesforce,Job__c.json
Job__c,Check_PO__c,check_po,Salesforce,Job__c.json
Job__c,Checkpoint__c,checkpoint,Salesforce,Job__c.json
Job__c,City__c,city,Salesforce,Job__c.json
Job__c,CMTS__c,cmts,Salesforce,Job__c.json
Job__c,Comment__c,comment,Salesforce,Job__c.json
Job__c,Comments__c,comments,Salesforce,Job__c.json
Job__c,Confirm_Message__c,confirm_message,Salesforce,Job__c.json
Job__c,Confirmation_Message_Cancel__c,confirmation_message_cancel,Salesforce,Job__c.json
Job__c,Construction_Milestone__c,construction_milestone,Salesforce,Job__c.json
Job__c,Construction_Milestone_Complete_Date__c,construction_milestone_complete_datetime,Salesforce,Job__c.json
Job__c,Construction_Stage__c,construction_stage,Salesforce,Job__c.json
Job__c,Construction_Start_Date__c,construction_start_datetime,Salesforce,Job__c.json
Job__c,Contact_Customer_Contact__c,contact_customer_contact,Salesforce,Job__c.json
Job__c,Contact_Local_Site_Contact__c,contact_local_site_contact,Salesforce,Job__c.json
Job__c,Context_ID__c,context_id,Salesforce,Job__c.json
Job__c,CreatedById,createdbyid,Salesforce,Job__c.json
Job__c,Currency_Threshold_1__c,currency_threshold_1,Salesforce,Job__c.json
Job__c,Currency_Threshold_2__c,currency_threshold_2,Salesforce,Job__c.json
Job__c,Currency_Threshold_3__c,currency_threshold_3,Salesforce,Job__c.json
Job__c,Currency_Threshold_4__c,currency_threshold_4,Salesforce,Job__c.json
Job__c,Currency_Threshold_5__c,currency_threshold_5,Salesforce,Job__c.json
Job__c,Customer_Contact_Email__c,customer_contact_email,Salesforce,Job__c.json
Job__c,Customer_Contact_Name__c,customer_contact_name,Salesforce,Job__c.json
Job__c,Customer_Contact_Phone__c,customer_contact_phone,Salesforce,Job__c.json
Job__c,Customer_Contribution_Recd_Date_2__c,customer_contribution_recd_date_2,Salesforce,Job__c.json
Job__c,Customer_Contribution_Recd_Date__c,customer_contribution_recd_date,Salesforce,Job__c.json
Job__c,Customer_Name__c,customer_name,Salesforce,Job__c.json
Job__c,Customer_Primary_Site__c,customer_primary_site,Salesforce,Job__c.json
Job__c,Customer_Related_Notes__c,customer_related_notes,Salesforce,Job__c.json
Job__c,Data_Center__c,data_center,Salesforce,Job__c.json
Job__c,Days_Until_ECCD__c,days_until_estimated_completion_completed_date,Salesforce,Job__c.json
Job__c,Default_Residential_Matrix__c,default_residential_matrix,Salesforce,Job__c.json
Job__c,DEMUXIdentifier__c,demux_identifier,Salesforce,Job__c.json
Job__c,Design_Completion_Date__c,design_completion_datetime,Salesforce,Job__c.json
Job__c,Deployment_Type__c,deployment_type,Salesforce,Job__c.json
Job__c,Design_Milestone__c,design_milestone,Salesforce,Job__c.json
Job__c,Design_Start_Date__c,design_start_datetime,Salesforce,Job__c.json
Job__c,Display_Child_Nodes__c,display_child_nodes,Salesforce,Job__c.json
Job__c,Diversity__c,diversity,Salesforce,Job__c.json
Job__c,Division__c,division,Salesforce,Job__c.json
Job__c,Downstream_Utilization__c,downstream_utilization,Salesforce,Job__c.json
Job__c,ECAF_Link__c,ecaf_link,Salesforce,Job__c.json
Job__c,Equipment_type_configuration__c,equipment_type_configuration,Salesforce,Job__c.json
Job__c,Estimate_Tracker__c,estimate_tracker,Salesforce,Job__c.json
Job__c,Estimated_Completion_Date__c,estimated_completion_date,Salesforce,Job__c.json
Job__c,Estimated_Start_Date__c,estimated_start_date,Salesforce,Job__c.json
Job__c,Expected_Activation_Complete_Date__c,expected_activation_complete_date,Salesforce,Job__c.json
Job__c,Expected_Addressing_Complete_Date__c,expected_addressing_complete_date,Salesforce,Job__c.json
Job__c,Expected_As_Built_Complete_Date__c,expected_as_built_complete_date,Salesforce,Job__c.json
Job__c,Expected_Construction_Completion_Date__c,expected_construction_completion_date,Salesforce,Job__c.json
Job__c,Expected_Design_Completion_Date__c,expected_design_completion_date,Salesforce,Job__c.json
Job__c,Expected_Headend_Complete_Date__c,expected_headend_complete_date,Salesforce,Job__c.json
Job__c,Expected_Permit_Complete_Date__c,expected_permit_complete_date,Salesforce,Job__c.json
Job__c,Expected_Planning_Completion_Date__c,expected_planning_completion_datetime,Salesforce,Job__c.json
Job__c,Expected_QC_Complete_Date__c,expected_qc_complete_date,Salesforce,Job__c.json
Job__c,Expected_Ready_to_Install_Complete_Date__c,expected_ready_to_install_complete_date,Salesforce,Job__c.json
Job__c,Expected_Support_Other_Complete_Date__c,expected_support_other_complete_datetime,Salesforce,Job__c.json
Job__c,Expected_Survey_Completion_Date__c,expected_survey_completion_date,Salesforce,Job__c.json
Job__c,Expedite__c,expedite,Salesforce,Job__c.json
Job__c,Expedite_Type__c,expedite_type,Salesforce,Job__c.json
Job__c,External_System_ID__c,external_system_id,Salesforce,Job__c.json
Job__c,Formula_Total_Estimate__c,formula_total_estimate,Salesforce,Job__c.json
Job__c,Franchise_Commitment__c,franchise_commitment,Salesforce,Job__c.json
Job__c,Funding_Approval_Completion_Date__c,funding_approval_completion_datetime,Salesforce,Job__c.json
Job__c,Funding_Approval_Start_Date__c,funding_approval_start_datetime,Salesforce,Job__c.json
Job__c,Funding_Estimate__c,funding_estimate,Salesforce,Job__c.json
Job__c,Funding_Request_Status_UI__c,funding_request_status_ui,Salesforce,Job__c.json
Job__c,Grand_Total_Construction_Labor_Estimates__c,grand_total_construction_labor_estimates,Salesforce,Job__c.json
Job__c,Grand_Total_Invoiced_Amount__c,grand_total_invoiced_amount,Salesforce,Job__c.json
Job__c,Grand_Total_Material_Estimates__c,grand_total_material_estimates,Salesforce,Job__c.json
Job__c,Grand_Total_Non_Construction_Estimates__c,grand_total_non_construction_estimates,Salesforce,Job__c.json
Job__c,Headend_Complete_Date__c,headend_complete_datetime,Salesforce,Job__c.json
Job__c,Headend_Start_Date__c,headend_start_datetime,Salesforce,Job__c.json
Job__c,Hold_Days__c,hold_days,Salesforce,Job__c.json
Job__c,Hold_End_Date__c,hold_end_datetime,Salesforce,Job__c.json
Job__c,Hold_Job__c,hold_job,Salesforce,Job__c.json
Job__c,Hold_Start_Date__c,hold_start_datetime,Salesforce,Job__c.json
Job__c,Home_Page_URL__c,home_page_url,Salesforce,Job__c.json
Job__c,Homes_Passed__c,homes_passed,Salesforce,Job__c.json
Job__c,Hub__c,hub,Salesforce,Job__c.json
Job__c,Hyperlink__c,hyperlink,Salesforce,Job__c.json
Job__c,Initial_Submitted_Currency__c,initial_submitted_currency,Salesforce,Job__c.json
Job__c,Initiated_By__c,initiated_by,Salesforce,Job__c.json
Job__c,Initiated_By_Email_Addr__c,initiated_by_email_addr,Salesforce,Job__c.json
Job__c,Initiated_By_Primary_Phone__c,initiated_by_primary_phone,Salesforce,Job__c.json
Job__c,Installed_Ariel_Coax_Feet__c,installed_ariel_coax_feet,Salesforce,Job__c.json
Job__c,Installed_Ariel_Fiber_Feet__c,installed_ariel_fiber_feet,Salesforce,Job__c.json
Job__c,Installed_Underground_Coax_Feet__c,installed_underground_coax_feet,Salesforce,Job__c.json
Job__c,Installed_Underground_Fiber_Feet__c,installed_underground_fiber_feet,Salesforce,Job__c.json
Job__c,Instance_URL__c,instance_url,Salesforce,Job__c.json
Job__c,Is_Locked__c,is_locked,Salesforce,Job__c.json
Job__c,Is_Payback_Values_Matching__c,is_payback_values_matching,Salesforce,Job__c.json
Job__c,Job_Aged_Days__c,job_aged_days,Salesforce,Job__c.json
Job__c,Job_Approved_Date__c,job_approved_date,Salesforce,Job__c.json
Job__c,Job_Approver_Level_1__c,job_approver_level_1,Salesforce,Job__c.json
Job__c,Job_Approver_Level_2__c,job_approver_level_2,Salesforce,Job__c.json
Job__c,Job_Approver_Level_3__c,job_approver_level_3,Salesforce,Job__c.json
Job__c,Job_Approver_Level_4__c,job_approver_level_4,Salesforce,Job__c.json
Job__c,Job_Approver_Level_5__c,job_approver_level_5,Salesforce,Job__c.json
Job__c,Job_Approver_Level_6__c,job_approver_level_6,Salesforce,Job__c.json
Job__c,Job_Approver_Level_7__c,job_approver_level_7,Salesforce,Job__c.json
Job__c,Job_Approver_Level_8__c,job_approver_level_8,Salesforce,Job__c.json
Job__c,Job_Approver_Level_9__c,job_approver_level_9,Salesforce,Job__c.json
Job__c,Job_Approver_Level_10__c,job_approver_level_10,Salesforce,Job__c.json
Job__c,Job_Auto_Number__c,job_auto_number,Salesforce,Job__c.json
Job__c,Job_Category__c,job_category,Salesforce,Job__c.json
Job__c,Job_Close_Date__c,job_close_date,Salesforce,Job__c.json
Job__c,Job_Description__c,job_description,Salesforce,Job__c.json
Job__c,Job_Hold_Reason__c,job_hold_reason,Salesforce,Job__c.json
Job__c,Job_Link__c,job_link,Salesforce,Job__c.json
Job__c,Job_Milestone__c,job_milestone,Salesforce,Job__c.json
Job__c,Job_Status__c,job_status,Salesforce,Job__c.json
Job__c,Job_Type__c,job_type,Salesforce,Job__c.json
Job__c,Labor_Count__c,labor_count,Salesforce,Job__c.json
Job__c,Labor_Estimates_Added_Today__c,labor_estimates_added_today,Salesforce,Job__c.json
Job__c,Labor_Zone__c,labor_zone,Salesforce,Job__c.json
Job__c,Last_Modified_By__c,last_modified_by,Salesforce,Job__c.json
Job__c,Last_Modified_By_Date__c,last_modified_by_date,Salesforce,Job__c.json
Job__c,LastModifiedById,lastmodifiedbyid,Salesforce,Job__c.json
Job__c,LatLong__c,latitude_longitude,Salesforce,Job__c.json
Job__c,Market__c,market,Salesforce,Job__c.json
Job__c,Master_Customer_ID__c,master_customer_id,Salesforce,Job__c.json
Job__c,Master_Customer_Name__c,master_customer_name,Salesforce,Job__c.json
Job__c,Materials_Funding_Estimate__c,materials_funding_estimate,Salesforce,Job__c.json
Job__c,MDU_Add_Ons__c,multiple_dwelling_unit_add_ons,Salesforce,Job__c.json
Job__c,Migrated_System_URL__c,migrated_system_url,Salesforce,Job__c.json
Job__c,Migration_Funding_Request_ID__c,migration_funding_request_id,Salesforce,Job__c.json
Job__c,Migration_Funding_Request_Total__c,migration_funding_request_total,Salesforce,Job__c.json
Job__c,Migration_ID__c,migration_id,Salesforce,Job__c.json
Job__c,Migration_Job__c,migration_job,Salesforce,Job__c.json
Job__c,Min_Required_Customer_Contribution__c,min_required_customer_contribution,Salesforce,Job__c.json
Job__c,Mixed_Use__c,mixed_use,Salesforce,Job__c.json
Job__c,Multi_Site_Agreement_Indicator__c,multi_site_agreement_indicator,Salesforce,Job__c.json
Job__c,Multi_Site_Agreement_Number__c,multi_site_agreement_number,Salesforce,Job__c.json
Job__c,MUXIdentifier__c,mux_identifier,Salesforce,Job__c.json
Job__c,My_Jobs__c,my_jobs,Salesforce,Job__c.json
Job__c,Name,canonical_job_id,Salesforce,Job__c.json
Job__c,NAX_Id__c,nax_id,Salesforce,Job__c.json
Job__c,NCP_ID__c,ncp_id,Salesforce,Job__c.json
Job__c,NCP_Node_Name__c,ncp_node_name,Salesforce,Job__c.json
Job__c,Need_By_Date__c,need_by_date,Salesforce,Job__c.json
Job__c,New_Funding_Estimate__c,new_funding_estimate,Salesforce,Job__c.json
Job__c,Node_Split_Driver__c,node_split_driver,Salesforce,Job__c.json
Job__c,Non_Std_Reserved_Labor_Count__c,non_std_reserved_labor_count,Salesforce,Job__c.json
Job__c,OCC_Due_Date__c,occ_due_date,Salesforce,Job__c.json
Job__c,of_Labor_Estimate_Amount__c,of_labor_estimate_amount,Salesforce,Job__c.json
Job__c,OLD_Total_Estimate__c,old_total_estimate,Salesforce,Job__c.json
Job__c,Origin__c,origin,Salesforce,Job__c.json
Job__c,Owner__c,owner,Salesforce,Job__c.json
Job__c,Owner_Text__c,owner_text,Salesforce,Job__c.json
Job__c,OwnerId,ownerid,Salesforce,Job__c.json
Job__c,P2_Task_Redesign__c,p2_task_redesign,Salesforce,Job__c.json
Job__c,Parent_Job__c,parent_job_id,Salesforce,Job__c.json
Job__c,Payback_Approval_Status__c,payback_approval_status,Salesforce,Job__c.json
Job__c,Payback_Calculated__c,payback_calculated,Salesforce,Job__c.json
Job__c,Payback_Check__c,payback_check,Salesforce,Job__c.json
Job__c,Payback_Financial_Exception__c,payback_financial_exception,Salesforce,Job__c.json
Job__c,Penetration__c,penetration,Salesforce,Job__c.json
Job__c,Permit_Milestone__c,permit_milestone,Salesforce,Job__c.json
Job__c,Permit_Milestone_Complete_Date__c,permit_milestone_complete_datetime,Salesforce,Job__c.json
Job__c,Permit_Start_Date__c,permit_start_datetime,Salesforce,Job__c.json
Job__c,Phase__c,phase,Salesforce,Job__c.json
Job__c,Planning_Completion_Date__c,planning_completion_datetime,Salesforce,Job__c.json
Job__c,Planning_Start_Date__c,planning_start_datetime,Salesforce,Job__c.json
Job__c,Post_Sale_Passings_Per_Mile__c,post_sale_passings_per_mile,Salesforce,Job__c.json
Job__c,Post_Sales_Cost_Per_Mile__c,post_sales_cost_per_mile,Salesforce,Job__c.json
Job__c,Post_Sales_Cost_Per_Passing__c,post_sales_cost_per_passing,Salesforce,Job__c.json
Job__c,Post_Sales_Meets_Payback__c,post_sales_meets_payback,Salesforce,Job__c.json
Job__c,Post_Sales_Meets_Payback_UI__c,post_sales_meets_payback_ui,Salesforce,Job__c.json
Job__c,Post_Sales_Payback_Months__c,post_sales_payback_months,Salesforce,Job__c.json
Job__c,Pre_Sales_Cost_Per_Mile__c,pre_sales_cost_per_mile,Salesforce,Job__c.json
Job__c,Pre_Sales_Cost_Per_Mile_Backend__c,pre_sales_cost_per_mile_backend,Salesforce,Job__c.json
Job__c,Pre_Sales_Cost_Per_Passing__c,pre_sales_cost_per_passing,Salesforce,Job__c.json
Job__c,Pre_Sales_Cost_Per_Passing_Backend__c,pre_sales_cost_per_passing_backend,Salesforce,Job__c.json
Job__c,Pre_Sales_Meets_Payback__c,pre_sales_meets_payback,Salesforce,Job__c.json
Job__c,Pre_Sales_Passings_Per_Mile__c,pre_sales_passings_per_mile,Salesforce,Job__c.json
Job__c,Pre_Sales_Payback_Months__c,pre_sales_payback_months,Salesforce,Job__c.json
Job__c,Preferred_Node_Material_Vendor__c,preferred_node_material_vendor,Salesforce,Job__c.json
Job__c,Primary_Site_Contact_Email__c,primary_site_contact_email,Salesforce,Job__c.json
Job__c,Primary_Site_Contact_Name__c,primary_site_contact_name,Salesforce,Job__c.json
Job__c,Primary_Site_Contact_Phone__c,primary_site_contact_phone,Salesforce,Job__c.json
Job__c,Principle__c,principle,Salesforce,Job__c.json
Job__c,Priority__c,priority,Salesforce,Job__c.json
Job__c,Proactive_Reactive__c,proactive_reactive,Salesforce,Job__c.json
Job__c,Project__c,project_id,Salesforce,Job__c.json
Job__c,Project_Node_ID__c,project_node_id,Salesforce,Job__c.json
Job__c,Property_Management_Company__c,property_management_company,Salesforce,Job__c.json
Job__c,Property_Manager_Contact_Email__c,property_manager_contact_email,Salesforce,Job__c.json
Job__c,Property_Manager_Contact_Name__c,property_manager_contact_name,Salesforce,Job__c.json
Job__c,Property_Manager_Contact_Phone__c,property_manager_contact_phone,Salesforce,Job__c.json
Job__c,QC_Complete_Date__c,qc_complete_datetime,Salesforce,Job__c.json
Job__c,QC_Milestone__c,qc_milestone,Salesforce,Job__c.json
Job__c,QC_Start_Date__c,qc_start_datetime,Salesforce,Job__c.json
Job__c,Ready_to_Install_Complete_Date__c,ready_to_install_complete_datetime,Salesforce,Job__c.json
Job__c,Ready_to_Install_Start_Date__c,ready_to_install_start_datetime,Salesforce,Job__c.json
Job__c,Reapproval_Number__c,reapproval_number,Salesforce,Job__c.json
Job__c,Record_Type_Name__c,record_type_name,Salesforce,Job__c.json
Job__c,RecordTypeId,recordtypeid,Salesforce,Job__c.json
Job__c,Redesign_Check__c,redesign_check,Salesforce,Job__c.json
Job__c,Redesign_Comments__c,redesign_comments,Salesforce,Job__c.json
Job__c,Redesign_Reason_Code__c,redesign_reason_code,Salesforce,Job__c.json
Job__c,Redesign_Requested_By__c,redesign_requested_by,Salesforce,Job__c.json
Job__c,Redesign_Requested_Date__c,redesign_requested_date,Salesforce,Job__c.json
Job__c,Redesign_Status__c,redesign_status,Salesforce,Job__c.json
Job__c,RedesignRequestedDateHidden__c,redesign_requested_date_hidden_date,Salesforce,Job__c.json
Job__c,Reference_Request_Number__c,reference_request_job_id,Salesforce,Job__c.json
Job__c,Region__c,region,Salesforce,Job__c.json
Job__c,RegionType__c,region_type,Salesforce,Job__c.json
Job__c,Reject_Reason__c,reject_reason,Salesforce,Job__c.json
Job__c,Related_Request_ID__c,related_request_id,Salesforce,Job__c.json
Job__c,Relational_Submitted_currency__c,relational_submitted_currency,Salesforce,Job__c.json
Job__c,Request_Job__c,request_job,Salesforce,Job__c.json
Job__c,RequestedByHidden__c,requested_by_hidden,Salesforce,Job__c.json
Job__c,Reservation_Status__c,reservation_status,Salesforce,Job__c.json
Job__c,Retail_or_Bulk__c,retail_or_bulk,Salesforce,Job__c.json
Job__c,Rework_Reason_Code__c,rework_reason_code,Salesforce,Job__c.json
Job__c,Right_of_Entry_Available__c,right_of_entry_available,Salesforce,Job__c.json
Job__c,Right_of_Entry_Expiry_date__c,right_of_entry_expiry_date,Salesforce,Job__c.json
Job__c,Right_of_Entry_Required__c,right_of_entry_required,Salesforce,Job__c.json
Job__c,Right_of_Entry_Type__c,right_of_entry_type,Salesforce,Job__c.json
Job__c,Right_of_Way__c,right_of_way,Salesforce,Job__c.json
Job__c,Site_Address__c,site_address,Salesforce,Job__c.json
Job__c,Site_AddressDetails__c,address_id,Salesforce,Job__c.json
Job__c,Site_Name__c,site_name,Salesforce,Job__c.json
Job__c,SMR_CRS__c,smr_crs,Salesforce,Job__c.json
Job__c,SMR_CRS_Link__c,smr_crs_link,Salesforce,Job__c.json
Job__c,Source_System__c,source_system,Salesforce,Job__c.json
Job__c,SP_Type__c,sp_type,Salesforce,Job__c.json
Job__c,Specialist__c,specialist_id,Salesforce,Job__c.json
Job__c,State__c,state,Salesforce,Job__c.json
Job__c,StatusHoldSummary__c,status_hold_summary,Salesforce,Job__c.json
Job__c,Sub_Type__c,sub_type,Salesforce,Job__c.json
Job__c,Submit_for_Approval__c,submit_for_approval,Salesforce,Job__c.json
Job__c,Support_Other_Milestone_Complete_Date__c,support_other_milestone_complete_datetime,Salesforce,Job__c.json
Job__c,Support_Other_Milestone_Start_Date__c,support_other_milestone_start_datetime,Salesforce,Job__c.json
Job__c,Survey_Completion_Date__c,survey_completion_datetime,Salesforce,Job__c.json
Job__c,Survey_Milestone__c,survey_milestone,Salesforce,Job__c.json
Job__c,Survey_Start_Date__c,survey_start_datetime,Salesforce,Job__c.json
Job__c,SysPrn__c,sysprn,Salesforce,Job__c.json
Job__c,SysPrnAgent__c,sysprnagent,Salesforce,Job__c.json
Job__c,System__c,system_market_area,Salesforce,Job__c.json
Job__c,Target_Completion_Date__c,target_completion_date,Salesforce,Job__c.json
Job__c,Tier_Classification__c,tier_classification,Salesforce,Job__c.json
Job__c,Tier_Level_1__c,tier_level_1,Salesforce,Job__c.json
Job__c,Tier_Level_2__c,tier_level_2,Salesforce,Job__c.json
Job__c,Tier_Level_3__c,tier_level_3,Salesforce,Job__c.json
Job__c,Tier_Level_4__c,tier_level_4,Salesforce,Job__c.json
Job__c,Tier_Level_5__c,tier_level_5,Salesforce,Job__c.json
Job__c,Tier_Level__c,tier_level,Salesforce,Job__c.json
Job__c,Total_Contract_Labor_Estimate_Backened__c,total_contract_labor_estimate_backened,Salesforce,Job__c.json
Job__c,Total_Contract_Labor_Estimates__c,total_contract_labor_estimates,Salesforce,Job__c.json
Job__c,Total_Designed_Feet_Summary__c,total_designed_feet_summary,Salesforce,Job__c.json
Job__c,Total_Designed_Passings_Summary__c,total_designed_passings_summary,Salesforce,Job__c.json
Job__c,Total_Estimate__c,total_estimate,Salesforce,Job__c.json
Job__c,Total_Estimate_With_Tax__c,total_estimate_with_tax,Salesforce,Job__c.json
Job__c,Total_Estimates_Backened__c,total_estimates_backened,Salesforce,Job__c.json
Job__c,Total_Feet_of_Coax_Installed__c,total_feet_of_coax_installed,Salesforce,Job__c.json
Job__c,Total_Feet_of_Fiber_Installed__c,total_feet_of_fiber_installed,Salesforce,Job__c.json
Job__c,Total_In_House_Labor_Estimates__c,total_in_house_labor_estimates,Salesforce,Job__c.json
Job__c,Total_Inspection_Fee__c,total_inspection_fee,Salesforce,Job__c.json
Job__c,Total_Internal_Labor_Estimates_Backened__c,total_internal_labor_estimates_backened,Salesforce,Job__c.json
Job__c,Total_Invoiced_Amount__c,total_invoiced_amount,Salesforce,Job__c.json
Job__c,Total_Labor_Estimate__c,total_labor_estimate,Salesforce,Job__c.json
Job__c,Total_Make_Ready_Fee__c,total_make_ready_fee,Salesforce,Job__c.json
Job__c,Total_Material_Estimate_Backened__c,total_material_estimate_backened,Salesforce,Job__c.json
Job__c,Total_Material_Items_Priced_Persent__c,total_material_items_priced_persent,Salesforce,Job__c.json
Job__c,Total_Non_Construction_Estimate_Backend__c,total_non_construction_estimate_backend,Salesforce,Job__c.json
Job__c,Total_Non_Construction_Estimates__c,total_non_construction_estimates,Salesforce,Job__c.json
Job__c,Total_Non_Standard_Estimated__c,total_non_standard_estimated,Salesforce,Job__c.json
Job__c,Total_Non_Standard_Estimates_Backened__c,total_non_standard_estimates_backened,Salesforce,Job__c.json
Job__c,Total_Permit_Fee__c,total_permit_fee,Salesforce,Job__c.json
Job__c,Total_Pole_Permitting_Fee__c,total_pole_permitting_fee,Salesforce,Job__c.json
Job__c,Total_Post_Sales_Cost_Estimate__c,total_post_sales_cost_estimate,Salesforce,Job__c.json
Job__c,Total_Post_Sales_Footage__c,total_post_sales_footage,Salesforce,Job__c.json
Job__c,Total_Post_Sales_Passings__c,total_post_sales_passings,Salesforce,Job__c.json
Job__c,Total_Pre_Sales_Cost_Estimate__c,total_pre_sales_cost_estimate,Salesforce,Job__c.json
Job__c,Total_Pre_Sales_Footage__c,total_pre_sales_footage,Salesforce,Job__c.json
Job__c,Total_Pre_Sales_Passings__c,total_pre_sales_passings,Salesforce,Job__c.json
Job__c,Total_PO_Reserved_Quantity__c,total_purchase_order_reserved_quantity,Salesforce,Job__c.json
Job__c,Total_Tax_Estimate__c,total_tax_estimate,Salesforce,Job__c.json
Job__c,Total_Tiers__c,total_tiers,Salesforce,Job__c.json
Job__c,Total_Track_Estimate_Backend_c__c,total_track_estimate_backend_c,Salesforce,Job__c.json
Job__c,Track_Estimate__c,track_estimate,Salesforce,Job__c.json
Job__c,Transport_Type__c,transport_type,Salesforce,Job__c.json
Job__c,Upstream_Utilization__c,upstream_utilization,Salesforce,Job__c.json
Job__c,View_Material_Estimates__c,view_material_estimates,Salesforce,Job__c.json
Job__c,View_Track_Estimates__c,view_track_estimates,Salesforce,Job__c.json
Job__c,Warehouse__c,warehouse,Salesforce,Job__c.json
Job__c,Watchtower__c,watchtower,Salesforce,Job__c.json
Job__c,Weekly_Production__c,weekly_production,Salesforce,Job__c.json
Job__c,Zip_Code__c,zip_code,Salesforce,Job__c.json
Job__c,Zip_Code_Text__c,zip_code_text,Salesforce,Job__c.json
Job__c,ZipCode__c,zipcode,Salesforce,Job__c.json
Job__c,Site_Id__c,site_id,Salesforce,Job__c.json
Job__c,Site_Name2__c,hub_site_name,Salesforce,Job__c.json
Job__c,kafka_timestamp,data_warehouse_delivery_datetime,Salesforce,Job__c.json
about-them-humans,NAME,employee_full_name,Workday,about-them-humans.json
about-them-humans,LOGIN_ID,employee_network_id,Workday,about-them-humans.json
about-them-humans,WORK_EMAIL,employee_work_email,Workday,about-them-humans.json
about-them-humans,WORK_LOCATION,employee_work_location,Workday,about-them-humans.json
about-them-humans,POSITION_DESCR,employee_position_description,Workday,about-them-humans.json
about-them-humans,EMPL_STATUS,employee_status,Workday,about-them-humans.json
about-them-humans,EMPL_STATUS_DESCR,employee_status_description,Workday,about-them-humans.json
about-them-humans,WITHDRAWN_DT,employee_withdrawn_date,Workday,about-them-humans.json
about-them-humans,POSITION,employee_position,Workday,about-them-humans.json
about-them-humans,ORIGINAL_HIRE_DT,employee_original_hire_date,Workday,about-them-humans.json
about-them-humans,JOB_TYPE,employee_job_type,Workday,about-them-humans.json
about-them-humans,JOB_LEVEL,employee_job_level,Workday,about-them-humans.json
about-them-humans,ORG_HIERARCHY_LEVEL3_DESCR,employee_organization_hierachy_level_3_description,Workday,about-them-humans.json
about-them-humans,ORG_HIERARCHY_LEVEL2_DESCR,employee_organization_hierachy_level_2_description,Workday,about-them-humans.json
about-them-humans,ORG_HIERARCHY_LEVEL1_DESCR,employee_organization_hierachy_level_1_description,Workday,about-them-humans.json
about-them-humans,GL_Location,employee_general_ledger_location,Workday,about-them-humans.json
about-them-humans,JOB_DESCR,employee_job_description,Workday,about-them-humans.json
about-them-humans,WORK_LOCATION_CITY,employee_work_location_city,Workday,about-them-humans.json
about-them-humans,WORK_LOCATION_STATE,employee_work_location_state,Workday,about-them-humans.json
about-them-humans,SUPERVISOR_NAME,employee_supervisor_full_name,Workday,about-them-humans.json
about-them-humans,ENTITY,employee_entity_code,Workday,about-them-humans.json
about-them-humans,kafka_timestamp,data_warehouse_delivery_datetime,Workday,about-them-humans.json
about-them-humans,timestamp,last_modified_datetime,Workday,about-them-humans.json
Address__c,Id,address_id,Salesforce,deleted-address-id.json
Address__c,LastModifiedDate,last_modified_datetime,Salesforce,deleted-address-id.json
Address__c,kafka_timestamp,data_warehouse_delivery_datetime,Salesforce,deleted-address-id.json
Child_Node__c,Amplifier_Upgrade_Completed_Date__c,amplifier_upgrade_completed_date,Salesforce,Child_Node__c.json
Child_Node__c,Activation_Completed_Date__c,activation_completed_date,Salesforce,Child_Node__c.json
Child_Node__c,Activation_Window__c,activation_window,Salesforce,Child_Node__c.json
Child_Node__c,Architecture__c,architecture,Salesforce,Child_Node__c.json
Child_Node__c,Coax_Construction_Completed_Date__c,coax_construction_completed_date,Salesforce,Child_Node__c.json
Child_Node__c,CreatedById,created_by_id,Salesforce,Child_Node__c.json
Child_Node__c,CreatedDate,created_datetime,Salesforce,Child_Node__c.json
Child_Node__c,Fiber_Construction_Completed_Date__c,fiber_construction_completed_date,Salesforce,Child_Node__c.json
Child_Node__c,Id,child_node_id,Salesforce,Child_Node__c.json
Child_Node__c,Job__c,job_id,Salesforce,Child_Node__c.json
Child_Node__c,LastModifiedById,last_modified_by_id,Salesforce,Child_Node__c.json
Child_Node__c,LastModifiedDate,last_modified_datetime,Salesforce,Child_Node__c.json
Child_Node__c,Location__Latitude__s,location_latitude,Salesforce,Child_Node__c.json
Child_Node__c,Location__Longitude__s,location_longitude,Salesforce,Child_Node__c.json
Child_Node__c,Name,canonical_child_node_id,Salesforce,Child_Node__c.json
Child_Node__c,Node_Optimized_Completed_Date__c,node_optimized_completed_date,Salesforce,Child_Node__c.json
Child_Node__c,Node_Install_Completed_Date__c,node_install_completed_date,Salesforce,Child_Node__c.json
Child_Node__c,OSP_Ready_Date__c,outside_plant_ready_date,Salesforce,Child_Node__c.json
Child_Node__c,Parent_Node__c,parent_node,Salesforce,Child_Node__c.json
Child_Node__c,Scheduled_Activation_Date__c,Scheduled_activation_date,Salesforce,Child_Node__c.json
Child_Node__c,Scheduled_Amplifier_Upgrade_Date__c,scheduled_amplifier_upgrade_date,Salesforce,Child_Node__c.json
Child_Node__c,Status__c,status,Salesforce,Child_Node__c.json
Child_Node__c,kafka_timestamp,data_warehouse_delivery_datetime,Salesforce,Child_Node__c.json
p2_cnstrct_project_tier_xref,ID,ID,csv_upload,p2_cnstrct_project_tier_xref.json
p2_cnstrct_project_tier_xref,P2_PROJECT_NAME,P2_PROJECT_NAME,csv_upload,p2_cnstrct_project_tier_xref.json
p2_cnstrct_project_tier_xref,CNSTRCT_P2_PROJECT_NAME,CNSTRCT_P2_PROJECT_NAME,csv_upload,p2_cnstrct_project_tier_xref.json
p2_cnstrct_project_tier_xref,CNSTRCT_SITE_TIER,CNSTRCT_SITE_TIER,csv_upload,p2_cnstrct_project_tier_xref.json
p2_cnstrct_project_tier_xref,P2_TIER,P2_TIER,csv_upload,p2_cnstrct_project_tier_xref.json
p2_cnstrct_project_tier_xref,last_modified_datetime,last_modified_datetime,csv_upload,p2_cnstrct_project_tier_xref.json
