field_name,source_object,source_namespace,pensieve_name
dataflow_telemetry_id,telemetry,dataflow_telemetry,dataflow_telemetry_id
telemetry_timestamp,telemetry,dataflow_telemetry,telemetry_timestamp
framework_id,telemetry,dataflow_telemetry,framework_id
dataflow_stage,telemetry,dataflow_telemetry,dataflow_stage
dataflow_object,telemetry,dataflow_telemetry,dataflow_object
dataflow_action,telemetry,dataflow_telemetry,dataflow_action
dataflow_metric,telemetry,dataflow_telemetry,dataflow_metric
kafka_timestamp,telemetry,dataflow_telemetry,data_warehouse_delivery_datetime
Id,Job__c,Salesforce,job_id
LastModifiedDate,Job__c,Salesforce,last_modified_datetime
kafka_timestamp,Job__c,Salesforce,data_warehouse_delivery_datetime
Id,Footage_Passings_Summary__c,Salesforce,footage_passings_summary_id
LastModifiedDate,Footage_Passings_Summary__c,Salesforce,last_modified_datetime
kafka_timestamp,Footage_Passings_Summary__c,Salesforce,data_warehouse_delivery_datetime
Id,ORA_Project__c,Salesforce,ora_project_id
OwnerId,ORA_Project__c,Salesforce,owner_id
IsDeleted,ORA_Project__c,Salesforce,is_deleted
Name,ORA_Project__c,Salesforce,canonical_ora_project_id
CreatedDate,ORA_Project__c,Salesforce,created_datetime
CreatedById,ORA_Project__c,Salesforce,created_by_id
LastModifiedDate,ORA_Project__c,Salesforce,last_modified_datetime
LastModifiedById,ORA_Project__c,Salesforce,last_modified_by_id
SystemModstamp,ORA_Project__c,Salesforce,systemmodstamp_datetime
LastViewedDate,ORA_Project__c,Salesforce,last_viewed_date
LastReferencedDate,ORA_Project__c,Salesforce,last_referenced_date
CIFA_Project_ID__c,ORA_Project__c,Salesforce,cifa_project_id
Tier_Classification__c,ORA_Project__c,Salesforce,tier_classification
Proactive__c,ORA_Project__c,Salesforce,proactive
kafka_timestamp,ORA_Project__c,Salesforce,data_warehouse_delivery_datetime
CALENDAR_DATE,date_dimension,csv_upload,CALENDAR_DATE
CALENDAR_DAY_LONG_NAME,date_dimension,csv_upload,CALENDAR_DAY_LONG_NAME
CALENDAR_DAY_SHORT_NAME,date_dimension,csv_upload,CALENDAR_DAY_SHORT_NAME
CALENDAR_DAY_OF_WEEK_NUM,date_dimension,csv_upload,CALENDAR_DAY_OF_WEEK_NUM
CALENDAR_DAY_OF_MONTH_NUM,date_dimension,csv_upload,CALENDAR_DAY_OF_MONTH_NUM
CALENDAR_DAY_OF_YEAR_NUM,date_dimension,csv_upload,CALENDAR_DAY_OF_YEAR_NUM
CALENDAR_DAY_OF_CALENDAR_NUM,date_dimension,csv_upload,CALENDAR_DAY_OF_CALENDAR_NUM
CALENDAR_MONTH_END_IND,date_dimension,csv_upload,CALENDAR_MONTH_END_IND
CALENDAR_MONTH_YEAR_TXT,date_dimension,csv_upload,CALENDAR_MONTH_YEAR_TXT
CALENDAR_MONTH_LONG_NAME,date_dimension,csv_upload,CALENDAR_MONTH_LONG_NAME
CALENDAR_MONTH_SHORT_NAME,date_dimension,csv_upload,CALENDAR_MONTH_SHORT_NAME
CALENDAR_MONTH_OF_QUARTER_NUM,date_dimension,csv_upload,CALENDAR_MONTH_OF_QUARTER_NUM
CALENDAR_MONTH_OF_YEAR_NUM,date_dimension,csv_upload,CALENDAR_MONTH_OF_YEAR_NUM
CALENDAR_MONTH_OF_CALENDAR_NUM,date_dimension,csv_upload,CALENDAR_MONTH_OF_CALENDAR_NUM
CALENDAR_QUARTER_OF_YEAR_NUM,date_dimension,csv_upload,CALENDAR_QUARTER_OF_YEAR_NUM
CALENDAR_QUARTER_OF_CALENDAR_NUM,date_dimension,csv_upload,CALENDAR_QUARTER_OF_CALENDAR_NUM
CALENDAR_WEEKDAY_OF_MONTH_NUM,date_dimension,csv_upload,CALENDAR_WEEKDAY_OF_MONTH_NUM
CALENDAR_WEEK_OF_MONTH_NUM,date_dimension,csv_upload,CALENDAR_WEEK_OF_MONTH_NUM
CALENDAR_WEEK_OF_YEAR_NUM,date_dimension,csv_upload,CALENDAR_WEEK_OF_YEAR_NUM
CALENDAR_WEEK_OF_CALENDAR_NUM,date_dimension,csv_upload,CALENDAR_WEEK_OF_CALENDAR_NUM
CALENDAR_YEAR_OF_CALENDAR_NUM,date_dimension,csv_upload,CALENDAR_YEAR_OF_CALENDAR_NUM
FISCAL_CALENDAR_DATE,date_dimension,csv_upload,FISCAL_CALENDAR_DATE
FISCAL_MONTH_END_IND,date_dimension,csv_upload,FISCAL_MONTH_END_IND
FISCAL_MONTH_END_DATE,date_dimension,csv_upload,FISCAL_MONTH_END_DATE
FISCAL_MONTH_LONG_NAME,date_dimension,csv_upload,FISCAL_MONTH_LONG_NAME
FISCAL_MONTH_SHORT_NAME,date_dimension,csv_upload,FISCAL_MONTH_SHORT_NAME
FISCAL_MONTH_NUM,date_dimension,csv_upload,FISCAL_MONTH_NUM
FISCAL_MONTH_WEEK_NUM,date_dimension,csv_upload,FISCAL_MONTH_WEEK_NUM
FISCAL_QUARTER_END_IND,date_dimension,csv_upload,FISCAL_QUARTER_END_IND
FISCAL_QUARTER_LONG_NAME,date_dimension,csv_upload,FISCAL_QUARTER_LONG_NAME
FISCAL_QUARTER_SHORT_NAME,date_dimension,csv_upload,FISCAL_QUARTER_SHORT_NAME
FISCAL_QUARTER_NUM,date_dimension,csv_upload,FISCAL_QUARTER_NUM
FISCAL_WEEK_END_IND,date_dimension,csv_upload,FISCAL_WEEK_END_IND
FISCAL_WEEK_END_DATE,date_dimension,csv_upload,FISCAL_WEEK_END_DATE
FISCAL_YEAR_END_IND,date_dimension,csv_upload,FISCAL_YEAR_END_IND
FISCAL_YEAR_NUM,date_dimension,csv_upload,FISCAL_YEAR_NUM
FISCAL_YEAR_DAY_NUM,date_dimension,csv_upload,FISCAL_YEAR_DAY_NUM
FISCAL_YEAR_WEEK_NUM,date_dimension,csv_upload,FISCAL_YEAR_WEEK_NUM
PRIOR_YEAR_SAME_DATE,date_dimension,csv_upload,PRIOR_YEAR_SAME_DATE
PRIOR_YEAR_DATE,date_dimension,csv_upload,PRIOR_YEAR_DATE
RELATIVE_CALENDAR_DAY_NUM,date_dimension,csv_upload,RELATIVE_CALENDAR_DAY_NUM
RELATIVE_FISCAL_MONTH_NUM,date_dimension,csv_upload,RELATIVE_FISCAL_MONTH_NUM
RELATIVE_FISCAL_YEAR_NUM,date_dimension,csv_upload,RELATIVE_FISCAL_YEAR_NUM
LEAP_YEAR_IND,date_dimension,csv_upload,LEAP_YEAR_IND
MERGE_TRANSFER_IND,date_dimension,csv_upload,MERGE_TRANSFER_IND
FISCAL_WEEK_DAY_NUM,date_dimension,csv_upload,FISCAL_WEEK_DAY_NUM
FISCAL_MONTH_DAY_NUM,date_dimension,csv_upload,FISCAL_MONTH_DAY_NUM
FISCAL_QUARTER_DAY_NUM,date_dimension,csv_upload,FISCAL_QUARTER_DAY_NUM
FISCAL_MONTH_SEQ_NUM,date_dimension,csv_upload,FISCAL_MONTH_SEQ_NUM
FISCAL_YEAR_END_DATE,date_dimension,csv_upload,FISCAL_YEAR_END_DATE
DAY_LIGHT_SAVINGS,date_dimension,csv_upload,DAY_LIGHT_SAVINGS
LastModifiedDate,date_dimension,csv_upload,LastModifiedDate
Id,Invoice__c,Salesforce,invoice_id
LastModifiedDate,Invoice__c,Salesforce,last_modified_datetime
Business_Partner__c,Invoice__c,Salesforce,business_partner_id
CIFA_Status__c,Invoice__c,Salesforce,CIFA_invoice_status
Invoice_Date__c,Invoice__c,Salesforce,created_date
Invoice_Paid_Date__c,Invoice__c,Salesforce,invoice_paid_date
Scheduled_To_Pay_Date__c,Invoice__c,Salesforce,scheduled_to_pay_date
Status__c,Invoice__c,Salesforce,P2_invoice_status
kafka_timestamp,Invoice__c,Salesforce,data_warehouse_delivery_datetime
Id,Hub_Sites__c,Salesforce,hub_sites_id
LastModifiedDate,Hub_Sites__c,Salesforce,last_modified_datetime
kafka_timestamp,Hub_Sites__c,Salesforce,data_warehouse_delivery_datetime
CreatedDate,Polaris_Project__c,Salesforce,created_datetime
Id,Polaris_Project__c,Salesforce,project_id
IsDeleted,Polaris_Project__c,Salesforce,is_deleted
LastModifiedDate,Polaris_Project__c,Salesforce,last_modified_datetime
SystemModstamp,Polaris_Project__c,Salesforce,systemmodstamp_datetime
Actual_Commercial_Passings__c,Polaris_Project__c,Salesforce,actual_commercial_passings
Actual_MDU_Passings__c,Polaris_Project__c,Salesforce,actual_multiple_dwelling_unit_passings
Actual_Residential_Passings__c,Polaris_Project__c,Salesforce,actual_residential_passings
Actual_Total_Passings__c,Polaris_Project__c,Salesforce,actual_total_passings
As_Built_Business_Partner__c,Polaris_Project__c,Salesforce,as_built_business_partner_id
Average_Permitting_Fees_Pole__c,Polaris_Project__c,Salesforce,average_permitting_fees_pole
CIFA_Project__c,Polaris_Project__c,Salesforce,cifa_project
CIFA_Project_Number__c,Polaris_Project__c,Salesforce,cifa_project_number
Completion_Ariel_Coax_Feet__c,Polaris_Project__c,Salesforce,completion_ariel_coax_feet
Completion_Ariel_Fiber_Feet__c,Polaris_Project__c,Salesforce,completion_ariel_fiber_feet
Completion_Total_Feet__c,Polaris_Project__c,Salesforce,completion_total_feet
Completion_Underground_Coax_Feet__c,Polaris_Project__c,Salesforce,completion_underground_coax_feet
Completion_Underground_Fiber_Feet__c,Polaris_Project__c,Salesforce,completion_underground_fiber_feet
Construction_Business_Partner__c,Polaris_Project__c,Salesforce,construction_business_partner_id
CreatedById,Polaris_Project__c,Salesforce,created_by_id
Design_Business_Partner__c,Polaris_Project__c,Salesforce,design_business_partner_id
Designed_Commercial_Passings__c,Polaris_Project__c,Salesforce,designed_commercial_passings
Designed_MDU_Passings__c,Polaris_Project__c,Salesforce,designed_mdu_passings
Designed_Residential_Passings__c,Polaris_Project__c,Salesforce,designed_residential_passings
Designed_Total_Passings__c,Polaris_Project__c,Salesforce,designed_total_passings
Division__c,Polaris_Project__c,Salesforce,division
Estimated_Project_Completion_Date__c,Polaris_Project__c,Salesforce,estimated_project_completion_date
External_ID__c,Polaris_Project__c,Salesforce,external_id
Greenfield__c,Polaris_Project__c,Salesforce,greenfield
Installed_Ariel_Coax_Feet__c,Polaris_Project__c,Salesforce,installed_ariel_coax_feet
Installed_Ariel_Fiber_Feet__c,Polaris_Project__c,Salesforce,installed_ariel_fiber_feet
Installed_Total_Feet__c,Polaris_Project__c,Salesforce,installed_total_feet
Installed_Underground_Coax_Feet__c,Polaris_Project__c,Salesforce,installed_underground_coax_feet
Installed_Underground_Fiber_Feet__c,Polaris_Project__c,Salesforce,installed_underground_fiber_feet
Job_Type__c,Polaris_Project__c,Salesforce,job_type
LastModifiedById,Polaris_Project__c,Salesforce,last_modified_by_id
Market__c,Polaris_Project__c,Salesforce,market
Name,Polaris_Project__c,Salesforce,canonical_project_id
No_of_Poles_requiring_Make_Ready__c,Polaris_Project__c,Salesforce,no_of_poles_requiring_make_ready
of_Poles_requiring_Make_Ready__c,Polaris_Project__c,Salesforce,of_poles_requiring_make_ready
Owner__c,Polaris_Project__c,Salesforce,owner
OwnerId,Polaris_Project__c,Salesforce,owner_id
P2_Project_ID__c,Polaris_Project__c,Salesforce,p2_project_id
Permitting_Business_Partner__c,Polaris_Project__c,Salesforce,permitting_business_partner_id
Planned_Ariel_Coax_Feet__c,Polaris_Project__c,Salesforce,planned_ariel_coax_feet
Planned_Ariel_Fiber_Feet__c,Polaris_Project__c,Salesforce,planned_ariel_fiber_feet
Planned_Commercial_Passings__c,Polaris_Project__c,Salesforce,planned_commercial_passings
Planned_MDU_Passings__c,Polaris_Project__c,Salesforce,planned_mdu_passings
Planned_Residential_Passings__c,Polaris_Project__c,Salesforce,planned_residential_passings
Planned_Total_Feet__c,Polaris_Project__c,Salesforce,planned_total_feet
Planned_Total_Passings__c,Polaris_Project__c,Salesforce,planned_total_passings
Planned_Underground_Coax_Feet__c,Polaris_Project__c,Salesforce,planned_underground_coax_feet
Planned_Underground_Fiber_Feet__c,Polaris_Project__c,Salesforce,planned_underground_fiber_feet
Project_Budget__c,Polaris_Project__c,Salesforce,project_budget
Project_Description__c,Polaris_Project__c,Salesforce,project_description
QC_Business_Partner__c,Polaris_Project__c,Salesforce,qc_business_partner_id
RecordTypeId,Polaris_Project__c,Salesforce,record_type_id
Region__c,Polaris_Project__c,Salesforce,region
ROE_Available_Threshold__c,Polaris_Project__c,Salesforce,roe_available_threshold
ROE_Gate_Met__c,Polaris_Project__c,Salesforce,roe_gate_met
Status__c,Polaris_Project__c,Salesforce,status
Survey_Business_Partner__c,Polaris_Project__c,Salesforce,survey_business_partner_id
to_Budget__c,Polaris_Project__c,Salesforce,to_budget
Total_Approved_Invoiced_Amount__c,Polaris_Project__c,Salesforce,total_approved_invoiced_amount
Total_Inspection_Fee__c,Polaris_Project__c,Salesforce,total_inspection_fee
Total_Jobs__c,Polaris_Project__c,Salesforce,total_jobs
Total_Make_Ready_Fee__c,Polaris_Project__c,Salesforce,total_make_ready_fee
Total_Permit_Fee__c,Polaris_Project__c,Salesforce,total_permit_fee
Total_Pole_Permitting_Fee__c,Polaris_Project__c,Salesforce,total_pole_permitting_fee
Total_Poles__c,Polaris_Project__c,Salesforce,total_poles
Total_Project_Estimate__c,Polaris_Project__c,Salesforce,total_project_estimate
Warehouse__c,Polaris_Project__c,Salesforce,warehouse
kafka_timestamp,Polaris_Project__c,Salesforce,data_warehouse_delivery_datetime
Id,Hub_Sites__c,Salesforce,hub_sites_id
OwnerId,Hub_Sites__c,Salesforce,owner_id
IsDeleted,Hub_Sites__c,Salesforce,is_deleted
Name,Hub_Sites__c,Salesforce,canonical_hub_site_id
CreatedDate,Hub_Sites__c,Salesforce,created_datetime
CreatedById,Hub_Sites__c,Salesforce,created_by_id
LastModifiedDate,Hub_Sites__c,Salesforce,last_modified_datetime
LastModifiedById,Hub_Sites__c,Salesforce,last_modified_by_id
SystemModstamp,Hub_Sites__c,Salesforce,systemmodstamp_datetime
LastActivityDate,Hub_Sites__c,Salesforce,last_activity_date
LastViewedDate,Hub_Sites__c,Salesforce,last_viewed_date
LastReferencedDate,Hub_Sites__c,Salesforce,last_referenced_date
CIFA_Project__c,Hub_Sites__c,Salesforce,cifa_project_id
Comments__c,Hub_Sites__c,Salesforce,comments
DMA_Market__c,Hub_Sites__c,Salesforce,dma_market
Proactive__c,Hub_Sites__c,Salesforce,proactive
Tier_Classification__c,Hub_Sites__c,Salesforce,tier_classification
Hub_Code__c,Hub_Sites__c,Salesforce,hub_code
Node_Type__c,Hub_Sites__c,Salesforce,node_type
Site_Id__c,Hub_Sites__c,Salesforce,site_id
DMA_Short_Name__c,Hub_Sites__c,Salesforce,dma_short_name
DMA_Enabled__c,Hub_Sites__c,Salesforce,dma_enabled
DMA_Enabled_Date__c,Hub_Sites__c,Salesforce,dma_enabled_date
kafka_timestamp,Hub_Sites__c,Salesforce,data_warehouse_delivery_datetime
Id,Child_Node__c,Salesforce,child_node_id
LastModifiedDate,Child_Node__c,Salesforce,last_modified_datetime
kafka_timestamp,Child_Node__c,Salesforce,data_warehouse_delivery_datetime
Id,Footage_Passings_Detail__c,Salesforce,footage_passings_detail_id
LastModifiedDate,Footage_Passings_Detail__c,Salesforce,last_modified_datetime
kafka_timestamp,Footage_Passings_Detail__c,Salesforce,data_warehouse_delivery_datetime
,,,
,,,
Id,P2_Task__c,Salesforce,task_id
LastModifiedDate,P2_Task__c,Salesforce,last_modified_datetime
kafka_timestamp,P2_Task__c,Salesforce,data_warehouse_delivery_datetime
Id,Footage__c,Salesforce,footage_id
LastModifiedDate,Footage__c,Salesforce,last_modified_datetime
kafka_timestamp,Footage__c,Salesforce,data_warehouse_delivery_datetime
COMPOSITE_ID,essbase_dma,csv_history_upload,COMPOSITE_ID
FIBER_NODE_NAME,essbase_dma,csv_history_upload,FIBER_NODE_NAME
DMA_LONG_NAME,essbase_dma,csv_history_upload,DMA_LONG_NAME
DMA_SHORT_NAME,essbase_dma,csv_history_upload,DMA_SHORT_NAME
CMTS_FQDN,essbase_dma,csv_history_upload,CMTS_FQDN
HUB_NAME,essbase_dma,csv_history_upload,HUB_NAME
EXTRACT_DATE_TIME,essbase_dma,csv_history_upload,last_modified_datetime
Id,Purchase_Order_Reservation__c,Salesforce,purchase_order_reservation_id
LastModifiedDate,Purchase_Order_Reservation__c,Salesforce,last_modified_datetime
PO__c,Purchase_Order_Reservation__c,Salesforce,oracle_purchase_order_id
Labor_Estimate_Item__c,Purchase_Order_Reservation__c,Salesforce,labor_estimate_item_id
Invoice_Quantity_Pending__c,Purchase_Order_Reservation__c,Salesforce,invoice_quantity_pending
kafka_timestamp,Purchase_Order_Reservation__c,Salesforce,data_warehouse_delivery_datetime
Id,laborzonezip__c,Salesforce,labor_zone_to_zip_id
Active_Date__c,laborzonezip__c,Salesforce,active_from_date
Labor_Zone__c,laborzonezip__c,Salesforce,labor_zone_id
Name,laborzonezip__c,Salesforce,zip_code
kafka_timestamp,laborzonezip__c,Salesforce,data_warehouse_delivery_datetime
Id,Permit__c,Salesforce,permit_id
LastModifiedDate,Permit__c,Salesforce,last_modified_datetime
Accepted_Date__c,Permit__c,Salesforce,accepted_date
Application_Held_Date__c,Permit__c,Salesforce,application_held_date
Application_Prepared__c,Permit__c,Salesforce,application_prepared_date
Application_Submitted__c,Permit__c,Salesforce,application_submitted_date
Approved_Date__c,Permit__c,Salesforce,approved_date
Assigned_Date__c,Permit__c,Salesforce,assigned_date
Paid_Date__c,Permit__c,Salesforce,application_fee_paid_date
Business_Partner__c,Permit__c,Salesforce,business_partner_name
Comments__c,Permit__c,Salesforce,comments
Completed_Date__c,Permit__c,Salesforce,completed_date
CreatedDate,Permit__c,Salesforce,created_date
Expected_Date__c,Permit__c,Salesforce,expected_permit_receive_date
Expiration_Date__c,Permit__c,Salesforce,expiration_date
Info_Provided_Date__c,Permit__c,Salesforce,information_provided_date
Inspection_Failed_Date__c,Permit__c,Salesforce,inspection_failed_date
Jurisdictions__c,Permit__c,Salesforce,jurisdictions
Name,Permit__c,Salesforce,permit_name
Permit_Number__c,Permit__c,Salesforce,permit_number
Permit_Received_Date__c,Permit__c,Salesforce,permit_received_date
Pole_Count__c,Permit__c,Salesforce,total_number_of_poles
Ready_For_Inspection_Date__c,Permit__c,Salesforce,ready_for_inspection_date
Rejected_Date__c,Permit__c,Salesforce,rejected_date
Status__c,Permit__c,Salesforce,status
Sub_Status__c,Permit__c,Salesforce,permitting_stage
Type__c,Permit__c,Salesforce,permit_type
Utility__c,Permit__c,Salesforce,utility
kafka_timestamp,Permit__c,Salesforce,data_warehouse_delivery_datetime
Id,National_Labor_Rates__c,Salesforce,national_labor_rates_id
Effective_Start_Date__c,National_Labor_Rates__c,Salesforce,active_from_date
Effective_Stop_Date__c,National_Labor_Rates__c,Salesforce,active_to_date
LastModifiedDate,National_Labor_Rates__c,Salesforce,last_modified_datetime
Name,National_Labor_Rates__c,Salesforce,labor_code
BP_Name__c,National_Labor_Rates__c,Salesforce,business_partner_name
Cost__c,National_Labor_Rates__c,Salesforce,cost
UOM__c,National_Labor_Rates__c,Salesforce,unit_of_measure
Labor_Zone__c,National_Labor_Rates__c,Salesforce,labor_zone_id
kafka_timestamp,National_Labor_Rates__c,Salesforce,data_warehouse_delivery_datetime
CreatedDate,Address__c,Salesforce,created_datetime
Id,Address__c,Salesforce,address_id
LastModifiedDate,Address__c,Salesforce,last_modified_datetime
City__c,Address__c,Salesforce,city
CreatedById,Address__c,Salesforce,created_by_id
GeoLocation__c,Address__c,Salesforce,geo_location
Hookup_Type__c,Address__c,Salesforce,hookup_type
Job__c,Address__c,Salesforce,job_id
LastModifiedById,Address__c,Salesforce,last_modified_by_id
Lat__c,Address__c,Salesforce,latitude
Long__c,Address__c,Salesforce,longitude
Name,Address__c,Salesforce,canonical_address_id
P2_ID__c,Address__c,Salesforce,p2_id
P2_Ready_Status__c,Address__c,Salesforce,p2_ready_status
P2_Stage__c,Address__c,Salesforce,p2_stage
P2_Status__c,Address__c,Salesforce,p2_status
State__c,Address__c,Salesforce,state
Street_Address__c,Address__c,Salesforce,street_address
Type__c,Address__c,Salesforce,type
Unit_Type__c,Address__c,Salesforce,unit_type
Unit_Value__c,Address__c,Salesforce,unit_value
Zip_Code__c,Address__c,Salesforce,zip_code
kafka_timestamp,Address__c,Salesforce,data_warehouse_delivery_datetime
Id,job,Salesforce,salesforce_id
LastModifiedDate,job,Salesforce,last_modified_date
CreatedDate,job,Salesforce,salesforce_created_date
Job__c,task,Salesforce,job
Name,task,Salesforce,task_name
CreatedDate,Footage_Passings_Detail__c,Salesforce,created_datetime
Id,Footage_Passings_Detail__c,Salesforce,footage_passings_detail_id
IsDeleted,Footage_Passings_Detail__c,Salesforce,is_deleted
LastActivityDate,Footage_Passings_Detail__c,Salesforce,last_activity_date
LastModifiedDate,Footage_Passings_Detail__c,Salesforce,last_modified_datetime
LastReferencedDate,Footage_Passings_Detail__c,Salesforce,last_referenced_date
LastViewedDate,Footage_Passings_Detail__c,Salesforce,last_viewed_date
Location__Latitude__s,Footage_Passings_Detail__c,Salesforce,location_latitude
Location__Longitude__s,Footage_Passings_Detail__c,Salesforce,location_longitude
PS_Location__Latitude__s,Footage_Passings_Detail__c,Salesforce,powersupply_location_latitude
PS_Location__Longitude__s,Footage_Passings_Detail__c,Salesforce,powersupply_location_longitude
SystemModstamp,Footage_Passings_Detail__c,Salesforce,systemmodstamp_datetime
Added_Aerial_Coax_GT_715__c,Footage_Passings_Detail__c,Salesforce,added_aerial_coax_greater_than_715
Added_Aerial_Coax_LT_715__c,Footage_Passings_Detail__c,Salesforce,added_aerial_coax_lesser_than_715
Added_Underground_Coax_GT_715__c,Footage_Passings_Detail__c,Salesforce,added_underground_coax_greater_than_715
Added_Underground_Coax_LT_715__c,Footage_Passings_Detail__c,Salesforce,added_underground_coax_lesser_than_715
Aerial_Commercial_Passings__c,Footage_Passings_Detail__c,Salesforce,aerial_commercial_passings
Aerial_MDU_Passings__c,Footage_Passings_Detail__c,Salesforce,aerial_multiple_dwelling_unit_passings
Aerial_Residential_Passings__c,Footage_Passings_Detail__c,Salesforce,aerial_residential_passings
Child_Node_10__c,Footage_Passings_Detail__c,Salesforce,child_node_10
Child_Node_12__c,Footage_Passings_Detail__c,Salesforce,child_node_12
Conduit_Only_Footage__c,Footage_Passings_Detail__c,Salesforce,conduit_only_footage
CreatedById,Footage_Passings_Detail__c,Salesforce,createdbyid
Detail_Type__c,Footage_Passings_Detail__c,Salesforce,detail_type
Document_Type__c,Footage_Passings_Detail__c,Salesforce,document_type
Existing_UG_Route_New_Coax__c,Footage_Passings_Detail__c,Salesforce,existing_underground_route_new_coax
Existing_UG_Route_New_Fiber__c,Footage_Passings_Detail__c,Salesforce,existing_underground_route_new_fiber
Inside_Footage__c,Footage_Passings_Detail__c,Salesforce,inside_footage
Job__c,Footage_Passings_Detail__c,Salesforce,job_id
LastModifiedById,Footage_Passings_Detail__c,Salesforce,last_modified_by_id
Latitude__c,Footage_Passings_Detail__c,Salesforce,latitude
Location__c,Footage_Passings_Detail__c,Salesforce,location
Location_Latitude__c,Footage_Passings_Detail__c,Salesforce,location_latitude
Location_Longitude__c,Footage_Passings_Detail__c,Salesforce,location_longitude
Longitude__c,Footage_Passings_Detail__c,Salesforce,longitude
Name,Footage_Passings_Detail__c,Salesforce,canonical_footage_passings_detail_id
New_Aerial_Coax__c,Footage_Passings_Detail__c,Salesforce,new_aerial_coax
New_Aerial_Coax_GT_715__c,Footage_Passings_Detail__c,Salesforce,new_aerial_coax_greater_than_715
New_Aerial_Coax_LT_715__c,Footage_Passings_Detail__c,Salesforce,new_aerial_coax_lesser_than_715
New_Aerial_Fiber__c,Footage_Passings_Detail__c,Salesforce,new_aerial_fiber
New_Amplifier__c,Footage_Passings_Detail__c,Salesforce,new_amplifier
New_Node_10__c,Footage_Passings_Detail__c,Salesforce,new_node_10
New_Node_12__c,Footage_Passings_Detail__c,Salesforce,new_node_12
New_Underground_Coax__c,Footage_Passings_Detail__c,Salesforce,new_underground_coax
New_Underground_Coax_GT_715__c,Footage_Passings_Detail__c,Salesforce,new_underground_coax_greater_than_715
New_Underground_Coax_LT_715__c,Footage_Passings_Detail__c,Salesforce,new_underground_coax_lesser_than_715
New_Underground_Fiber__c,Footage_Passings_Detail__c,Salesforce,new_underground_fiber
Node_Housing__c,Footage_Passings_Detail__c,Salesforce,node_housing
Node_Name__c,Footage_Passings_Detail__c,Salesforce,node_name
Node_Segment__c,Footage_Passings_Detail__c,Salesforce,node_segment
Overlash_Coax__c,Footage_Passings_Detail__c,Salesforce,overlash_coax
Overlash_Fiber__c,Footage_Passings_Detail__c,Salesforce,overlash_fiber
OwnerId,Footage_Passings_Detail__c,Salesforce,ownerid
P2_JOB_ID__c,Footage_Passings_Detail__c,Salesforce,p2_job_id
PS_Address__c,Footage_Passings_Detail__c,Salesforce,powersupply_address
PS_Change_Type__c,Footage_Passings_Detail__c,Salesforce,powersupply_change_type
PS_Design_Load__c,Footage_Passings_Detail__c,Salesforce,powersupply_design_load
PS_Latitude__c,Footage_Passings_Detail__c,Salesforce,powersupply_latitude
PS_Location__c,Footage_Passings_Detail__c,Salesforce,powersupply_location
PS_Longitude__c,Footage_Passings_Detail__c,Salesforce,powersupply_longitude
PS_Name__c,Footage_Passings_Detail__c,Salesforce,powersupply_name
PS_Pole_Ped_Id__c,Footage_Passings_Detail__c,Salesforce,powersupply_pole_ped_id
PS_Required__c,Footage_Passings_Detail__c,Salesforce,powersupply_required
PS_Size__c,Footage_Passings_Detail__c,Salesforce,powersupply_size
PS_Standby__c,Footage_Passings_Detail__c,Salesforce,powersupply_standby
RecordTypeId,Footage_Passings_Detail__c,Salesforce,record_type_id
RF_Node_Active_Ports__c,Footage_Passings_Detail__c,Salesforce,rf_node_active_ports
RF_Node_Max_Ports__c,Footage_Passings_Detail__c,Salesforce,rf_node_max_ports
RPD_Name__c,Footage_Passings_Detail__c,Salesforce,rpd_name
Total_Aerial_Plant_Feet__c,Footage_Passings_Detail__c,Salesforce,total_aerial_plant_feet
Total_Feet__c,Footage_Passings_Detail__c,Salesforce,total_feet
Total_Passings__c,Footage_Passings_Detail__c,Salesforce,total_passings
Total_Plant_Feet__c,Footage_Passings_Detail__c,Salesforce,total_plant_feet
Total_UG_Plant_Feet__c,Footage_Passings_Detail__c,Salesforce,total_underground_plant_feet
Underground_Commercial_Passings__c,Footage_Passings_Detail__c,Salesforce,underground_commercial_passings
Underground_MDU_Passings__c,Footage_Passings_Detail__c,Salesforce,underground_multiple_dwelling_unit_passings
Underground_Residential_Passings__c,Footage_Passings_Detail__c,Salesforce,underground_residential_passings
Upgrade_Existing_Amplifier__c,Footage_Passings_Detail__c,Salesforce,upgrade_existing_amplifier
kafka_timestamp,Footage_Passings_Detail__c,Salesforce,data_warehouse_delivery_datetime
bom_type,multipass-material-estimate,Multipass,bill_of_material_type
carried_by_warehouse,multipass-material-estimate,Multipass,is_carried_by_warehouse
quantity,multipass-material-estimate,Multipass,quantity
warehouse_code,multipass-material-estimate,Multipass,warehouse_code
cifa_number,multipass-material-estimate,Multipass,cifa_number
description,multipass-material-estimate,Multipass,description
last_modified_date,multipass-material-estimate,Multipass,last_modified_datetime
manufacturer_name,multipass-material-estimate,Multipass,manufacturer_name
last_modified_by,multipass-material-estimate,Multipass,last_modified_by_comcast_guid
created_by,multipass-material-estimate,Multipass,created_by_multipass_userid
bom_id,multipass-material-estimate,Multipass,bill_of_material_id
cifa_part_number,multipass-material-estimate,Multipass,cifa_part_number
job_id,multipass-material-estimate,Multipass,job_multipass_id
cost_per_unit,multipass-material-estimate,Multipass,cost_per_unit
unit_of_measure,multipass-material-estimate,Multipass,unit_of_measure
action,multipass-material-estimate,Multipass,action
id,multipass-material-estimate,Multipass,material_estimate_id
created_date,multipass-material-estimate,Multipass,created_datetime
category,multipass-material-estimate,Multipass,category
status,multipass-material-estimate,Multipass,status
salesforce_job_id,multipass-job-warehouse,Multipass,job_id
BP_Permission_Tier__c,Contact__c,Salesforce,business_partner_permission_tier
Business_Partner__c,Contact__c,Salesforce,business_partner_id
Comcast_GUID__c,Contact__c,Salesforce,comcast_guid
CreatedById,Contact__c,Salesforce,created_by_id
CreatedDate,Contact__c,Salesforce,created_datetime
Division__c,Contact__c,Salesforce,division
Employee_Status_Desc__c,Contact__c,Salesforce,employee_status_description
FirstName,Contact__c,Salesforce,first_name
Id,Contact__c,Salesforce,user_contact_id
job_descr__c,Contact__c,Salesforce,job_description
Job_Level__c,Contact__c,Salesforce,job_level
LastModifiedDate,Contact__c,Salesforce,last_modified_datetime
LastName,Contact__c,Salesforce,last_name
Network_ID__c,Contact__c,Salesforce,network_id
Notify_Task_Scheduled_Date__c,Contact__c,Salesforce,is_notified_of_task_scheduled_date_change
Position__c,Contact__c,Salesforce,position
Position_Descr__c,Contact__c,Salesforce,position_description
Region__c,Contact__c,Salesforce,region
Supervisor_Name__c,Contact__c,Salesforce,supervisor_name
User__c,Contact__c,Salesforce,user_id
User_Type__c,Contact__c,Salesforce,user_type
Id,user,Salesforce,user_id
LastModifiedDate,user,Salesforce,last_modified_datetime
IsActive,user,Salesforce,user_active
BP_ID__c,user,Salesforce,business_partner_id
BP_User_Tier__c,user,Salesforce,vendor_tier
Business_Partner_Name__c,user,Salesforce,business_partner_name
COMCAST_GUID__c,user,Salesforce,comcast_guid
CompanyName,user,Salesforce,company_name
CreatedById,user,Salesforce,created_by_id
CreatedDate,user,Salesforce,created_datetime
LastModifiedById,user,Salesforce,last_modified_by_id
Department,user,Salesforce,department_name
Division__c,user,Salesforce,division
Email,user,Salesforce,email
EmployeeNumber,user,Salesforce,employee_number
Employee_Status_Description__c,user,Salesforce,employee_status
LastName,user,Salesforce,last_name
FirstName,user,Salesforce,first_name
Funding_Approval_and_Reject__c,user,Salesforce,is_allowed_to_funding_approve_and_reject
Name,user,Salesforce,name
Job_Description__c,user,Salesforce,job_description
Network_ID__c,user,Salesforce,nt_id
Phone,user,Salesforce,phone
P2_Permissions_Tier__c,user,Salesforce,financial_permissions_tier
Region__c,user,Salesforce,region
Supervisor_Name__c,user,Salesforce,supervisor_name
UserRoleId,user,Salesforce,user_role
Title,user,Salesforce,title
User_Division__c,user,Salesforce,user_division
Username,user,Salesforce,canonical_user_id
UserType,user,Salesforce,user_type
Work_Type__c,user,Salesforce,work_type
kafka_timestamp,user,Salesforce,data_warehouse_delivery_datetime
P2_REGION_NAME,region_essbase_mapping,csv_upload,P2_REGION_NAME
ESSBASE_REGION_CODE,region_essbase_mapping,csv_upload,ESSBASE_REGION_CODE
ESSBASE_REGION_NAME,region_essbase_mapping,csv_upload,ESSBASE_REGION_NAME
LastModifiedDate,region_essbase_mapping,csv_upload,LastModifiedDate
Id,Invoice_line_item__c,Salesforce,invoice_line_item_id
LastModifiedDate,Invoice_line_item__c,Salesforce,last_modified_datetime
Estimate_Item__c,Invoice_line_item__c,Salesforce,purchase_order_reservation_id
Job__c,Invoice_line_item__c,Salesforce,job_id
Invoice__c,Invoice_line_item__c,Salesforce,invoice_id
Labor_Code_Text__c,Invoice_line_item__c,Salesforce,labor_code_text
Name,Invoice_line_item__c,Salesforce,canonical_invoice_line_item_id
Status__c,Invoice_line_item__c,Salesforce,status
Invoice_Line_Amount__c,Invoice_line_item__c,Salesforce,invoice_line_amount
Unit_Price__c,Invoice_line_item__c,Salesforce,unit_price
Line_Quantity__c,Invoice_line_item__c,Salesforce,line_quantity
kafka_timestamp,Invoice_line_item__c,Salesforce,data_warehouse_delivery_datetime
Id,Oracle_Purchase_Order__c,Salesforce,oracle_purchase_order_id
LastModifiedDate,Oracle_Purchase_Order__c,Salesforce,last_modified_datetime
Oracle_PO_Total_Amount__c,Oracle_Purchase_Order__c,Salesforce,oracle_purchase_order_total_amount
PO_Number__c,Oracle_Purchase_Order__c,Salesforce,purchase_order_number
Project_Name__c,Oracle_Purchase_Order__c,Salesforce,project_name
Project_Number__c,Oracle_Purchase_Order__c,Salesforce,project_number
Status__c,Oracle_Purchase_Order__c,Salesforce,status
Sys_PO_Released_Amount__c,Oracle_Purchase_Order__c,Salesforce,purchase_order_released_amount
kafka_timestamp,Oracle_Purchase_Order__c,Salesforce,data_warehouse_delivery_datetime
CreatedDate,P2_Task__c,Salesforce,created_datetime
Id,P2_Task__c,Salesforce,task_id
LastModifiedDate,P2_Task__c,Salesforce,last_modified_datetime
Accepted_By__c,P2_Task__c,Salesforce,accepted_by
Accepted_By_IG__c,P2_Task__c,Salesforce,accepted_by_internal_group
Accepted_By_IG_Date__c,P2_Task__c,Salesforce,accepted_by_internal_group_datetime
Accepted_By_User__c,P2_Task__c,Salesforce,accepted_by_user
Accepted_Date__c,P2_Task__c,Salesforce,accepted_datetime
Accepted_To_Ready_for_Approval_Interval__c,P2_Task__c,Salesforce,accepted_to_ready_for_approval_interval
Approved_By__c,P2_Task__c,Salesforce,approved_by
Approved_Date__c,P2_Task__c,Salesforce,approved_datetime
Approved_Interval__c,P2_Task__c,Salesforce,approved_interval
Area__c,P2_Task__c,Salesforce,area
Assigned_By__c,P2_Task__c,Salesforce,assigned_by
Assigned_By_IG__c,P2_Task__c,Salesforce,assigned_by_internal_group
Assigned_By_IG_Date__c,P2_Task__c,Salesforce,assigned_by_internal_group_datetime
Assigned_By_User__c,P2_Task__c,Salesforce,assigned_by_user
Assigned_Date__c,P2_Task__c,Salesforce,assigned_datetime
Assigned_To_ReadyFor_Approval_Interval__c,P2_Task__c,Salesforce,assigned_to_readyfor_approval_interval
BP_Time_to_Accept__c,P2_Task__c,Salesforce,business_partner_time_to_accept
Business_Partner__c,P2_Task__c,Salesforce,business_partner_id
Business_Partner_Name__c,P2_Task__c,Salesforce,business_partner_name
Change_Date_Notes__c,P2_Task__c,Salesforce,change_date_notes
Change_Date_Reason__c,P2_Task__c,Salesforce,change_date_reason
Child_Node__c,P2_Task__c,Salesforce,child_node_id
Clarification_Reason__c,P2_Task__c,Salesforce,clarification_reason
Comment__c,P2_Task__c,Salesforce,comment
CreatedById,P2_Task__c,Salesforce,created_by_id
Date_Changed_By__c,P2_Task__c,Salesforce,date_changed_by
Date_Changed_Date__c,P2_Task__c,Salesforce,date_changed_datetime
Division__c,P2_Task__c,Salesforce,division
Expected_Date__c,P2_Task__c,Salesforce,expected_date
First_Accepted__c,P2_Task__c,Salesforce,first_accepted_datetime
Hold_Days__c,P2_Task__c,Salesforce,hold_days
Hold_End_Date__c,P2_Task__c,Salesforce,hold_end_datetime
Hold_Start_Date__c,P2_Task__c,Salesforce,hold_start_datetime
Hold_Task__c,P2_Task__c,Salesforce,hold_task
Hub__c,P2_Task__c,Salesforce,hub
Hub_CLLI__c,P2_Task__c,Salesforce,hub_clli
IG_Time_to_Accept__c,P2_Task__c,Salesforce,internal_group_time_to_accept
In_Progress_Aging_Days__c,P2_Task__c,Salesforce,in_progress_aging_days
Info_Provided_By__c,P2_Task__c,Salesforce,info_provided_by
Info_Provided_By_User__c,P2_Task__c,Salesforce,info_provided_by_user
Info_Provided_Date__c,P2_Task__c,Salesforce,info_provided_datetime
Info_Provided_Interval__c,P2_Task__c,Salesforce,info_provided_interval
Info_Requested_By__c,P2_Task__c,Salesforce,info_requested_by
Info_Requested_By_User__c,P2_Task__c,Salesforce,info_requested_by_user
Info_Requested_Date__c,P2_Task__c,Salesforce,info_requested_datetime
Internal_Group__c,P2_Task__c,Salesforce,internal_group_id
Job__c,P2_Task__c,Salesforce,job_id
Job_Category__c,P2_Task__c,Salesforce,job_category
Job_Description__c,P2_Task__c,Salesforce,job_description
Job_Division__c,P2_Task__c,Salesforce,job_division
Job_ID__c,P2_Task__c,Salesforce,salesforce_job_id
Job_Name__c,P2_Task__c,Salesforce,job_name
Job_Owner_Email__c,P2_Task__c,Salesforce,job_owner_email
Job_Owner_Name__c,P2_Task__c,Salesforce,job_owner_name
Job_Region__c,P2_Task__c,Salesforce,job_region
Job_Status__c,P2_Task__c,Salesforce,job_status
Job_Type__c,P2_Task__c,Salesforce,job_type
Job_Type_Category__c,P2_Task__c,Salesforce,job_type_category
Justification__c,P2_Task__c,Salesforce,justification
LastModifiedById,P2_Task__c,Salesforce,last_modified_by_id
LatLong__c,P2_Task__c,Salesforce,latitude_longitude
Market__c,P2_Task__c,Salesforce,market
Milestone__c,P2_Task__c,Salesforce,milestone
Name,P2_Task__c,Salesforce,canonical_task_id
Need_Info_Notes__c,P2_Task__c,Salesforce,need_info_notes
Note__c,P2_Task__c,Salesforce,note
On_Time__c,P2_Task__c,Salesforce,on_time
Owner_Email__c,P2_Task__c,Salesforce,owner_email
Owner_Name__c,P2_Task__c,Salesforce,owner_name
Principle__c,P2_Task__c,Salesforce,principle
QC_Passed_Failed__c,P2_Task__c,Salesforce,qc_passed_failed
QC_Result__c,P2_Task__c,Salesforce,qc_result
Qty_Archeological__c,P2_Task__c,Salesforce,quantity_of_archeological_permits
Qty_City__c,P2_Task__c,Salesforce,quantity_of_city_permits
Qty_County__c,P2_Task__c,Salesforce,quantity_of_county_permits
Qty_Dept_Of_Transportation__c,P2_Task__c,Salesforce,quantity_of_department_of_transportation_permits
Qty_Easements__c,P2_Task__c,Salesforce,quantity_of_easements_permits
Qty_Flood_Control__c,P2_Task__c,Salesforce,quantity_of_flood_control_permits
Qty_Letter_of_Non_Objection__c,P2_Task__c,Salesforce,quantity_of_letter_of_non_objection_permits
Qty_Make_Ready__c,P2_Task__c,Salesforce,quantity_of_pole_make_ready_permits
Qty_Municipal__c,P2_Task__c,Salesforce,quantity_of_municipal_permits
Qty_Natural_Resources__c,P2_Task__c,Salesforce,quantity_of_natural_resources_permits
Qty_Other__c,P2_Task__c,Salesforce,quantity_of_other_permits
Qty_Parks_Recreation__c,P2_Task__c,Salesforce,quantity_of_parks_recreation_permits
Qty_Pipeline__c,P2_Task__c,Salesforce,quantity_of_pipeline_permits
Qty_Pole_Make_Ready__c,P2_Task__c,Salesforce,quantity_of_make_ready_permits
Qty_Pole_Permits__c,P2_Task__c,Salesforce,quantity_of_pole_permits
Qty_Railroad__c,P2_Task__c,Salesforce,quantity_of_aailroad_permits
Qty_River_Authority__c,P2_Task__c,Salesforce,quantity_of_river_authority_permits
Qty_Toll_Road__c,P2_Task__c,Salesforce,quantity_of_toll_road_permits
Qty_Trench_Permits__c,P2_Task__c,Salesforce,quantity_of_trench_permits
Qty_Utility__c,P2_Task__c,Salesforce,quantity_of_utility_permits
Ready_for_Approval_By__c,P2_Task__c,Salesforce,ready_for_approval_by
Ready_for_Approval_By_User__c,P2_Task__c,Salesforce,ready_for_approval_by_user
Ready_for_Approval_Date__c,P2_Task__c,Salesforce,ready_for_approval_datetime
Ready_For_Obtain_Permit__c,P2_Task__c,Salesforce,ready_for_obtain_permit
Reason_Code__c,P2_Task__c,Salesforce,reason_code
Reason_for_Not_Required__c,P2_Task__c,Salesforce,reason_for_not_required
Reassign_Notes__c,P2_Task__c,Salesforce,reassign_notes
Reassigned_By__c,P2_Task__c,Salesforce,reassigned_by
Reassigned_By_IG__c,P2_Task__c,Salesforce,reassigned_by_internal_group
Reassigned_By_IG_Date__c,P2_Task__c,Salesforce,reassigned_by_internal_group_datetime
Reassigned_By_User__c,P2_Task__c,Salesforce,reassigned_by_user
Reassigned_Date__c,P2_Task__c,Salesforce,reassigned_datetime
Reassigned_Interval__c,P2_Task__c,Salesforce,reassigned_interval
Region__c,P2_Task__c,Salesforce,region
Rework_Notes__c,P2_Task__c,Salesforce,rework_notes
Rework_Reason_Code__c,P2_Task__c,Salesforce,rework_reason_code
Rework_Requested_By__c,P2_Task__c,Salesforce,rework_requested_by
Rework_Requested_Date__c,P2_Task__c,Salesforce,rework_requested_datetime
Scheduled_Date__c,P2_Task__c,Salesforce,scheduled_date
Status__c,P2_Task__c,Salesforce,status
StatusHoldSummary__c,P2_Task__c,Salesforce,statusholdsummary
Sub_Type__c,P2_Task__c,Salesforce,sub_type
Survey_Type__c,P2_Task__c,Salesforce,survey_type
System__c,P2_Task__c,Salesforce,system_market_area
Task_Completion_Interval__c,P2_Task__c,Salesforce,task_completion_interval
Task_Creation_Aging_Days__c,P2_Task__c,Salesforce,task_creation_aging_days
Task_Description__c,P2_Task__c,Salesforce,task_description
Task_Hold_Reason__c,P2_Task__c,Salesforce,task_hold_reason
Task_Manager__c,P2_Task__c,Salesforce,task_manager
Task_Name__c,P2_Task__c,Salesforce,task_name
Task_Not_Required_Date__c,P2_Task__c,Salesforce,task_not_required_datetime
Task_Owner__c,P2_Task__c,Salesforce,task_owner
Task_Owner_Email__c,P2_Task__c,Salesforce,task_owner_email
Task_Type__c,P2_Task__c,Salesforce,task_type
Task_Type_Formula__c,P2_Task__c,Salesforce,task_type_formula
Total_Interval__c,P2_Task__c,Salesforce,total_interval
Work_Completed_Dt__c,P2_Task__c,Salesforce,work_completed_date
kafka_timestamp,P2_Task__c,Salesforce,data_warehouse_delivery_datetime
warehouse_type,multipass-job-warehouse,Multipass,warehouse_type
warehouse_name,multipass-job-warehouse,Multipass,warehouse_name
job_id,multipass-job-warehouse,Multipass,job_multipass_id
warehouse_code,multipass-job-warehouse,Multipass,warehouse_code
last_modified_date,multipass-job-warehouse,Multipass,last_modified_datetime
id,multipass-job-warehouse,Multipass,warehouse_id
last_modified_by,multipass-job-warehouse,Multipass,last_modified_by_comcast_guid
salesforce_job_id,multipass-job-warehouse,Multipass,job_id
sAMAccountName,ldap-records,LDAP,nt_id
displayName,ldap-records,LDAP,person_name
mail,ldap-records,LDAP,person_email
description,ldap-records,LDAP,directory_description
ComcastGUID,ldap-records,LDAP,comcast_guid
whenChanged,ldap-records,LDAP,last_modified_date
As_Built_Detail__c,Footage_Passings_Summary__c,Salesforce,as_built_detail_task_id
As_Built_Total_Feet__c,Footage_Passings_Summary__c,Salesforce,as_built_total_feet
As_Built_Total_Passings__c,Footage_Passings_Summary__c,Salesforce,as_built_total_passings
As_Built_Total_Plant_Feet__c,Footage_Passings_Summary__c,Salesforce,as_built_total_plant_feet
Child_Node__c,Footage_Passings_Summary__c,Salesforce,child_node_id
Construction_Type__c,Footage_Passings_Summary__c,Salesforce,construction_type
CreatedById,Footage_Passings_Summary__c,Salesforce,created_by_id
CreatedDate,Footage_Passings_Summary__c,Salesforce,created_datetime
Deleted_Status__c,Footage_Passings_Summary__c,Salesforce,deleted_status
Design_Detail__c,Footage_Passings_Summary__c,Salesforce,design_detail_task_id
Design_Total_Feet__c,Footage_Passings_Summary__c,Salesforce,design_total_feet
Design_Total_Passings__c,Footage_Passings_Summary__c,Salesforce,design_total_passings
Design_Total_Plant_Feet__c,Footage_Passings_Summary__c,Salesforce,design_total_plant_feet
Id,Footage_Passings_Summary__c,Salesforce,footage_passings_summary_id
IsDeleted,Footage_Passings_Summary__c,Salesforce,is_deleted
Job__c,Footage_Passings_Summary__c,Salesforce,job_id
Job_Type__c,Footage_Passings_Summary__c,Salesforce,job_type
LastModifiedById,Footage_Passings_Summary__c,Salesforce,last_modified_by_id
LastModifiedDate,Footage_Passings_Summary__c,Salesforce,last_modified_datetime
LastReferencedDate,Footage_Passings_Summary__c,Salesforce,last_referenced_date
LastViewedDate,Footage_Passings_Summary__c,Salesforce,last_viewed_date
Name,Footage_Passings_Summary__c,Salesforce,canonical_footage_passings_summary_id
Name__c,Footage_Passings_Summary__c,Salesforce,footage_passings_summary_name
Node_Name__c,Footage_Passings_Summary__c,Salesforce,node_name
OwnerId,Footage_Passings_Summary__c,Salesforce,owner_id
SystemModstamp,Footage_Passings_Summary__c,Salesforce,salesforce_systemmodstamp_datetime
kafka_timestamp,Footage_Passings_Summary__c,Salesforce,data_warehouse_delivery_datetime
job_id,multipass-bill-of-materials,Multipass,job_multipass_id
attachment_id,multipass-bill-of-materials,Multipass,attachment_multipass_id
last_modified_date,multipass-bill-of-materials,Multipass,last_modified_datetime
task_id,multipass-bill-of-materials,Multipass,task_multipass_id
id,multipass-bill-of-materials,Multipass,bill_of_material_id
last_modified_by,multipass-bill-of-materials,Multipass,last_modified_by_comcast_guid
type,multipass-bill-of-materials,Multipass,type
salesforce_job_id,multipass-bill-of-materials,Multipass,job_id
CreatedDate,Polaris_Vendor__c,Salesforce,created_datetime
Id,Polaris_Vendor__c,Salesforce,vendor_id
IsDeleted,Polaris_Vendor__c,Salesforce,is_deleted
LastModifiedDate,Polaris_Vendor__c,Salesforce,last_modified_datetime
Abbreviated_Name__c,Polaris_Vendor__c,Salesforce,abbreviated_name
CreatedById,Polaris_Vendor__c,Salesforce,created_by_id
LastModifiedById,Polaris_Vendor__c,Salesforce,last_modified_by_id
My_Company__c,Polaris_Vendor__c,Salesforce,my_company
Name,Polaris_Vendor__c,Salesforce,canonical_vendor_id
OwnerId,Polaris_Vendor__c,Salesforce,owner_id
P2_BP_Number__c,Polaris_Vendor__c,Salesforce,p2_business_partner_number
Parent_Business_Partner__c,Polaris_Vendor__c,Salesforce,parent_business_partner_id
Polaris_Vendor_ID__c,Polaris_Vendor__c,Salesforce,polaris_vendor_id
Polaris_Vendor_Number__c,Polaris_Vendor__c,Salesforce,polaris_vendor_number
Supervisor__c,Polaris_Vendor__c,Salesforce,supervisor
Type__c,Polaris_Vendor__c,Salesforce,type
Vendor_Type__c,Polaris_Vendor__c,Salesforce,vendor_type
kafka_timestamp,Polaris_Vendor__c,Salesforce,data_warehouse_delivery_datetime
CreatedDate,Footage__c,Salesforce,created_datetime
Id,Footage__c,Salesforce,footage_id
IsDeleted,Footage__c,Salesforce,is_deleted
LastModifiedDate,Footage__c,Salesforce,last_modified_datetime
LastReferencedDate,Footage__c,Salesforce,last_referenced_date
LastViewedDate,Footage__c,Salesforce,last_viewed_date
SystemModstamp,Footage__c,Salesforce,systemmodstamp_datetime
Adjustments__c,Footage__c,Salesforce,adjustments
Aerial_Coax__c,Footage__c,Salesforce,aerial_coax
Aerial_Commercial_Passings__c,Footage__c,Salesforce,aerial_commercial_passings
Aerial_Fiber__c,Footage__c,Salesforce,aerial_fiber
Aerial_Residential_MDU_Passings__c,Footage__c,Salesforce,aerial_residential_multiple_dwelling_unit_passings
Aerial_Residential_SFU_Passings__c,Footage__c,Salesforce,aerial_residential_sfu_passings
BP_Abbr__c,Footage__c,Salesforce,business_partner_abbr
Business_Partner__c,Footage__c,Salesforce,business_partner_id
Child_Node__c,Footage__c,Salesforce,child_node_id
Child_Node_Name1__c,Footage__c,Salesforce,child_node_name1
Completed_Date__c,Footage__c,Salesforce,completed_date
Conduit_Only__c,Footage__c,Salesforce,conduit_only
CreatedById,Footage__c,Salesforce,created_by_id
Current_Period__c,Footage__c,Salesforce,current_period
Description__c,Footage__c,Salesforce,description
Existing_UG_Route_New_Coax__c,Footage__c,Salesforce,existing_underground_route_new_coax
Existing_UG_Route_New_Fiber__c,Footage__c,Salesforce,existing_underground_route_new_fiber
Final__c,Footage__c,Salesforce,final
Inside_Footage__c,Footage__c,Salesforce,inside_footage
Job__c,Footage__c,Salesforce,job_id
Job_Name1__c,Footage__c,Salesforce,job_name1
Job_Type__c,Footage__c,Salesforce,job_type
LastModifiedById,Footage__c,Salesforce,last_modified_by_id
Name,Footage__c,Salesforce,canonical_footage_id
New_Aerial_Coax__c,Footage__c,Salesforce,new_aerial_coax
New_Aerial_Fiber__c,Footage__c,Salesforce,new_aerial_fiber
New_Underground_Coax__c,Footage__c,Salesforce,new_underground_coax
New_Underground_Fiber__c,Footage__c,Salesforce,new_underground_fiber
Overlash_Aerial_Coax__c,Footage__c,Salesforce,overlash_aerial_coax
Overlash_Aerial_Fiber__c,Footage__c,Salesforce,overlash_aerial_fiber
Previous_Period__c,Footage__c,Salesforce,previous_period
RecordTypeId,Footage__c,Salesforce,record_type_id
Reporting_Period_End_Date1__c,Footage__c,Salesforce,reporting_period_end_date1
Reporting_Period_Start_Date1__c,Footage__c,Salesforce,reporting_period_start_date1
Soft_Delete__c,Footage__c,Salesforce,soft_delete
Total_Aerial_Coax_Feet__c,Footage__c,Salesforce,total_aerial_coax_feet
Total_Aerial_Fiber_Feet__c,Footage__c,Salesforce,total_aerial_fiber_feet
Total_Coax__c,Footage__c,Salesforce,total_coax
Total_Constructed_Feet__c,Footage__c,Salesforce,total_constructed_feet
Total_Constructed_Plant_Feet__c,Footage__c,Salesforce,total_constructed_plant_feet
Total_Fiber__c,Footage__c,Salesforce,total_fiber
Total_UG_Coax_Feet__c,Footage__c,Salesforce,total_underground_coax_feet
Total_UG_Fiber_Feet__c,Footage__c,Salesforce,total_underground_fiber_feet
Underground_Coax__c,Footage__c,Salesforce,underground_coax
Underground_Commercial_Passings__c,Footage__c,Salesforce,underground_commercial_passings
Underground_Fiber__c,Footage__c,Salesforce,underground_fiber
Underground_Residential_MDU_Passings__c,Footage__c,Salesforce,underground_residential_multiple_dwelling_unit_passings
Underground_Residential_SFU_Passings__c,Footage__c,Salesforce,underground_residential_sfu_passings
Week_No__c,Footage__c,Salesforce,week_no
X60_days_Filter__c,Footage__c,Salesforce,x60_days_filter
kafka_timestamp,Footage__c,Salesforce,data_warehouse_delivery_datetime
,,,
,,,
,,,
,,,
,,,
,,,
,,,
,,,
,,,
,,,
,,,
,,,
CreatedDate,Job__c,Salesforce,created_datetime
Id,Job__c,Salesforce,job_id
IsDeleted,Job__c,Salesforce,is_deleted
LastActivityDate,Job__c,Salesforce,last_activity_date
LastModifiedDate,Job__c,Salesforce,last_modified_datetime
LastReferencedDate,Job__c,Salesforce,last_referenced_date
LastViewedDate,Job__c,Salesforce,last_viewed_date
SystemModstamp,Job__c,Salesforce,systemmodstamp_datetime
Activation_Milestone__c,Job__c,Salesforce,activation_milestone
Activation_Milestone_Complete_Date__c,Job__c,Salesforce,activation_milestone_complete_datetime
Activation_Start_Date__c,Job__c,Salesforce,activation_start_datetime
Actual_Customer_Contribution_Amount__c,Job__c,Salesforce,actual_customer_contribution_amount
Actual_Customer_Contribution_Inst_2_Amt__c,Job__c,Salesforce,actual_customer_contribution_inst_2_amt
Address_Line_1__c,Job__c,Salesforce,address_line_1
Address_Line_2__c,Job__c,Salesforce,address_line_2
Addressing__c,Job__c,Salesforce,addressing
Addressing_Complete_Date__c,Job__c,Salesforce,addressing_complete_datetime
Addressing_Count__c,Job__c,Salesforce,addressing_count
Addressing_Start_Date__c,Job__c,Salesforce,addressing_start_datetime
Agent_Lookup__c,Job__c,Salesforce,agent_lookup
Agreed_Customer_Contribution_Commitment__c,Job__c,Salesforce,agreed_customer_contribution_commitment
Alert__c,Job__c,Salesforce,alert
Alt_Site_Contact_Email__c,Job__c,Salesforce,alternate_local_site_contact_email
Alt_Site_Contact_Name__c,Job__c,Salesforce,alternate_local_site_contact_name
Alt_Site_Contact_Phone__c,Job__c,Salesforce,alternate_local_site_contact_phone
Approval_Process_Status__c,Job__c,Salesforce,approval_process_status
Approval_Status__c,Job__c,Salesforce,approval_status
Approval_Status_Formula__c,Job__c,Salesforce,approval_status_formula
ARBS_ARPU_MRC__c,Job__c,Salesforce,arbs_arpu_mrc
Architecture__c,Job__c,Salesforce,architecture
Area__c,Job__c,Salesforce,area
As_Built_Complete_Date__c,Job__c,Salesforce,as_built_complete_datetime
As_Built_Milestone__c,Job__c,Salesforce,as_built_milestone
As_Built_Start_Date__c,Job__c,Salesforce,as_built_start_datetime
Assigned_To__c,Job__c,Salesforce,assigned_to
BP_email__c,Job__c,Salesforce,business_partner_email
BP_Name__c,Job__c,Salesforce,business_partner_name
Brownfield__c,Job__c,Salesforce,brownfield
BypassValidationForProcessBuilder__c,Job__c,Salesforce,bypass_validation_for_processbuilder
Cancel_Job_Status__c,Job__c,Salesforce,cancel_job_status
Cancel_Reason__c,Job__c,Salesforce,cancel_reason
Cash_Flow_Margin__c,Job__c,Salesforce,cash_flow_margin
Category_Type__c,Job__c,Salesforce,category_type
Change_Date_Notes__c,Job__c,Salesforce,change_date_notes
Change_Date_Reason__c,Job__c,Salesforce,change_date_reason
Channel_Downstream_Wavelength__c,Job__c,Salesforce,channel_downstream_wavelength
Channel_Upstream_Wavelength__c,Job__c,Salesforce,channel_upstream_wavelength
Check_Confirmation__c,Job__c,Salesforce,check_confirmation
Check_List_Check__c,Job__c,Salesforce,check_list_check
Check_PO__c,Job__c,Salesforce,check_po
Checkpoint__c,Job__c,Salesforce,checkpoint
City__c,Job__c,Salesforce,city
CMTS__c,Job__c,Salesforce,cmts
Comment__c,Job__c,Salesforce,comment
Comments__c,Job__c,Salesforce,comments
Confirm_Message__c,Job__c,Salesforce,confirm_message
Confirmation_Message_Cancel__c,Job__c,Salesforce,confirmation_message_cancel
Construction_Milestone__c,Job__c,Salesforce,construction_milestone
Construction_Milestone_Complete_Date__c,Job__c,Salesforce,construction_milestone_complete_datetime
Construction_Stage__c,Job__c,Salesforce,construction_stage
Construction_Start_Date__c,Job__c,Salesforce,construction_start_datetime
Contact_Customer_Contact__c,Job__c,Salesforce,contact_customer_contact
Contact_Local_Site_Contact__c,Job__c,Salesforce,contact_local_site_contact
Context_ID__c,Job__c,Salesforce,context_id
CreatedById,Job__c,Salesforce,createdbyid
Currency_Threshold_1__c,Job__c,Salesforce,currency_threshold_1
Currency_Threshold_2__c,Job__c,Salesforce,currency_threshold_2
Currency_Threshold_3__c,Job__c,Salesforce,currency_threshold_3
Currency_Threshold_4__c,Job__c,Salesforce,currency_threshold_4
Currency_Threshold_5__c,Job__c,Salesforce,currency_threshold_5
Customer_Contact_Email__c,Job__c,Salesforce,customer_contact_email
Customer_Contact_Name__c,Job__c,Salesforce,customer_contact_name
Customer_Contact_Phone__c,Job__c,Salesforce,customer_contact_phone
Customer_Contribution_Recd_Date_2__c,Job__c,Salesforce,customer_contribution_recd_date_2
Customer_Contribution_Recd_Date__c,Job__c,Salesforce,customer_contribution_recd_date
Customer_Name__c,Job__c,Salesforce,customer_name
Customer_Primary_Site__c,Job__c,Salesforce,customer_primary_site
Customer_Related_Notes__c,Job__c,Salesforce,customer_related_notes
Data_Center__c,Job__c,Salesforce,data_center
Days_Until_ECCD__c,Job__c,Salesforce,days_until_estimated_completion_completed_date
Default_Residential_Matrix__c,Job__c,Salesforce,default_residential_matrix
DEMUXIdentifier__c,Job__c,Salesforce,demux_identifier
Design_Completion_Date__c,Job__c,Salesforce,design_completion_datetime
Deployment_Type__c,Job__c,Salesforce,deployment_type
Design_Milestone__c,Job__c,Salesforce,design_milestone
Design_Start_Date__c,Job__c,Salesforce,design_start_datetime
Display_Child_Nodes__c,Job__c,Salesforce,display_child_nodes
Diversity__c,Job__c,Salesforce,diversity
Division__c,Job__c,Salesforce,division
Downstream_Utilization__c,Job__c,Salesforce,downstream_utilization
ECAF_Link__c,Job__c,Salesforce,ecaf_link
Equipment_type_configuration__c,Job__c,Salesforce,equipment_type_configuration
Estimate_Tracker__c,Job__c,Salesforce,estimate_tracker
Estimated_Completion_Date__c,Job__c,Salesforce,estimated_completion_date
Estimated_Start_Date__c,Job__c,Salesforce,estimated_start_date
Expected_Activation_Complete_Date__c,Job__c,Salesforce,expected_activation_complete_date
Expected_Addressing_Complete_Date__c,Job__c,Salesforce,expected_addressing_complete_date
Expected_As_Built_Complete_Date__c,Job__c,Salesforce,expected_as_built_complete_date
Expected_Construction_Completion_Date__c,Job__c,Salesforce,expected_construction_completion_date
Expected_Design_Completion_Date__c,Job__c,Salesforce,expected_design_completion_date
Expected_Headend_Complete_Date__c,Job__c,Salesforce,expected_headend_complete_date
Expected_Permit_Complete_Date__c,Job__c,Salesforce,expected_permit_complete_date
Expected_Planning_Completion_Date__c,Job__c,Salesforce,expected_planning_completion_datetime
Expected_QC_Complete_Date__c,Job__c,Salesforce,expected_qc_complete_date
Expected_Ready_to_Install_Complete_Date__c,Job__c,Salesforce,expected_ready_to_install_complete_date
Expected_Support_Other_Complete_Date__c,Job__c,Salesforce,expected_support_other_complete_datetime
Expected_Survey_Completion_Date__c,Job__c,Salesforce,expected_survey_completion_date
Expedite__c,Job__c,Salesforce,expedite
Expedite_Type__c,Job__c,Salesforce,expedite_type
External_System_ID__c,Job__c,Salesforce,external_system_id
Formula_Total_Estimate__c,Job__c,Salesforce,formula_total_estimate
Franchise_Commitment__c,Job__c,Salesforce,franchise_commitment
Funding_Approval_Completion_Date__c,Job__c,Salesforce,funding_approval_completion_datetime
Funding_Approval_Start_Date__c,Job__c,Salesforce,funding_approval_start_datetime
Funding_Estimate__c,Job__c,Salesforce,funding_estimate
Funding_Request_Status_UI__c,Job__c,Salesforce,funding_request_status_ui
Grand_Total_Construction_Labor_Estimates__c,Job__c,Salesforce,grand_total_construction_labor_estimates
Grand_Total_Invoiced_Amount__c,Job__c,Salesforce,grand_total_invoiced_amount
Grand_Total_Material_Estimates__c,Job__c,Salesforce,grand_total_material_estimates
Grand_Total_Non_Construction_Estimates__c,Job__c,Salesforce,grand_total_non_construction_estimates
Headend_Complete_Date__c,Job__c,Salesforce,headend_complete_datetime
Headend_Start_Date__c,Job__c,Salesforce,headend_start_datetime
Hold_Days__c,Job__c,Salesforce,hold_days
Hold_End_Date__c,Job__c,Salesforce,hold_end_datetime
Hold_Job__c,Job__c,Salesforce,hold_job
Hold_Start_Date__c,Job__c,Salesforce,hold_start_datetime
Home_Page_URL__c,Job__c,Salesforce,home_page_url
Homes_Passed__c,Job__c,Salesforce,homes_passed
Hub__c,Job__c,Salesforce,hub
Hyperlink__c,Job__c,Salesforce,hyperlink
Initial_Submitted_Currency__c,Job__c,Salesforce,initial_submitted_currency
Initiated_By__c,Job__c,Salesforce,initiated_by
Initiated_By_Email_Addr__c,Job__c,Salesforce,initiated_by_email_addr
Initiated_By_Primary_Phone__c,Job__c,Salesforce,initiated_by_primary_phone
Installed_Ariel_Coax_Feet__c,Job__c,Salesforce,installed_ariel_coax_feet
Installed_Ariel_Fiber_Feet__c,Job__c,Salesforce,installed_ariel_fiber_feet
Installed_Underground_Coax_Feet__c,Job__c,Salesforce,installed_underground_coax_feet
Installed_Underground_Fiber_Feet__c,Job__c,Salesforce,installed_underground_fiber_feet
Instance_URL__c,Job__c,Salesforce,instance_url
Is_Locked__c,Job__c,Salesforce,is_locked
Is_Payback_Values_Matching__c,Job__c,Salesforce,is_payback_values_matching
Job_Aged_Days__c,Job__c,Salesforce,job_aged_days
Job_Approved_Date__c,Job__c,Salesforce,job_approved_date
Job_Approver_Level_1__c,Job__c,Salesforce,job_approver_level_1
Job_Approver_Level_2__c,Job__c,Salesforce,job_approver_level_2
Job_Approver_Level_3__c,Job__c,Salesforce,job_approver_level_3
Job_Approver_Level_4__c,Job__c,Salesforce,job_approver_level_4
Job_Approver_Level_5__c,Job__c,Salesforce,job_approver_level_5
Job_Approver_Level_6__c,Job__c,Salesforce,job_approver_level_6
Job_Approver_Level_7__c,Job__c,Salesforce,job_approver_level_7
Job_Approver_Level_8__c,Job__c,Salesforce,job_approver_level_8
Job_Approver_Level_9__c,Job__c,Salesforce,job_approver_level_9
Job_Approver_Level_10__c,Job__c,Salesforce,job_approver_level_10
Job_Auto_Number__c,Job__c,Salesforce,job_auto_number
Job_Category__c,Job__c,Salesforce,job_category
Job_Close_Date__c,Job__c,Salesforce,job_close_date
Job_Description__c,Job__c,Salesforce,job_description
Job_Hold_Reason__c,Job__c,Salesforce,job_hold_reason
Job_Link__c,Job__c,Salesforce,job_link
Job_Milestone__c,Job__c,Salesforce,job_milestone
Job_Status__c,Job__c,Salesforce,job_status
Job_Type__c,Job__c,Salesforce,job_type
Labor_Count__c,Job__c,Salesforce,labor_count
Labor_Estimates_Added_Today__c,Job__c,Salesforce,labor_estimates_added_today
Labor_Zone__c,Job__c,Salesforce,labor_zone
Last_Modified_By__c,Job__c,Salesforce,last_modified_by
Last_Modified_By_Date__c,Job__c,Salesforce,last_modified_by_date
LastModifiedById,Job__c,Salesforce,lastmodifiedbyid
LatLong__c,Job__c,Salesforce,latitude_longitude
Market__c,Job__c,Salesforce,market
Master_Customer_ID__c,Job__c,Salesforce,master_customer_id
Master_Customer_Name__c,Job__c,Salesforce,master_customer_name
Materials_Funding_Estimate__c,Job__c,Salesforce,materials_funding_estimate
MDU_Add_Ons__c,Job__c,Salesforce,multiple_dwelling_unit_add_ons
Migrated_System_URL__c,Job__c,Salesforce,migrated_system_url
Migration_Funding_Request_ID__c,Job__c,Salesforce,migration_funding_request_id
Migration_Funding_Request_Total__c,Job__c,Salesforce,migration_funding_request_total
Migration_ID__c,Job__c,Salesforce,migration_id
Migration_Job__c,Job__c,Salesforce,migration_job
Min_Required_Customer_Contribution__c,Job__c,Salesforce,min_required_customer_contribution
Mixed_Use__c,Job__c,Salesforce,mixed_use
Multi_Site_Agreement_Indicator__c,Job__c,Salesforce,multi_site_agreement_indicator
Multi_Site_Agreement_Number__c,Job__c,Salesforce,multi_site_agreement_number
MUXIdentifier__c,Job__c,Salesforce,mux_identifier
My_Jobs__c,Job__c,Salesforce,my_jobs
Name,Job__c,Salesforce,canonical_job_id
NAX_Id__c,Job__c,Salesforce,nax_id
NCP_ID__c,Job__c,Salesforce,ncp_id
NCP_Node_Name__c,Job__c,Salesforce,ncp_node_name
Need_By_Date__c,Job__c,Salesforce,need_by_date
New_Funding_Estimate__c,Job__c,Salesforce,new_funding_estimate
Node_Split_Driver__c,Job__c,Salesforce,node_split_driver
Non_Std_Reserved_Labor_Count__c,Job__c,Salesforce,non_std_reserved_labor_count
OCC_Due_Date__c,Job__c,Salesforce,occ_due_date
of_Labor_Estimate_Amount__c,Job__c,Salesforce,of_labor_estimate_amount
OLD_Total_Estimate__c,Job__c,Salesforce,old_total_estimate
Origin__c,Job__c,Salesforce,origin
Owner__c,Job__c,Salesforce,owner
Owner_Text__c,Job__c,Salesforce,owner_text
OwnerId,Job__c,Salesforce,ownerid
P2_Task_Redesign__c,Job__c,Salesforce,p2_task_redesign
Parent_Job__c,Job__c,Salesforce,parent_job_id
Payback_Approval_Status__c,Job__c,Salesforce,payback_approval_status
Payback_Calculated__c,Job__c,Salesforce,payback_calculated
Payback_Check__c,Job__c,Salesforce,payback_check
Payback_Financial_Exception__c,Job__c,Salesforce,payback_financial_exception
Penetration__c,Job__c,Salesforce,penetration
Permit_Milestone__c,Job__c,Salesforce,permit_milestone
Permit_Milestone_Complete_Date__c,Job__c,Salesforce,permit_milestone_complete_datetime
Permit_Start_Date__c,Job__c,Salesforce,permit_start_datetime
Phase__c,Job__c,Salesforce,phase
Planning_Completion_Date__c,Job__c,Salesforce,planning_completion_datetime
Planning_Start_Date__c,Job__c,Salesforce,planning_start_datetime
Post_Sale_Passings_Per_Mile__c,Job__c,Salesforce,post_sale_passings_per_mile
Post_Sales_Cost_Per_Mile__c,Job__c,Salesforce,post_sales_cost_per_mile
Post_Sales_Cost_Per_Passing__c,Job__c,Salesforce,post_sales_cost_per_passing
Post_Sales_Meets_Payback__c,Job__c,Salesforce,post_sales_meets_payback
Post_Sales_Meets_Payback_UI__c,Job__c,Salesforce,post_sales_meets_payback_ui
Post_Sales_Payback_Months__c,Job__c,Salesforce,post_sales_payback_months
Pre_Sales_Cost_Per_Mile__c,Job__c,Salesforce,pre_sales_cost_per_mile
Pre_Sales_Cost_Per_Mile_Backend__c,Job__c,Salesforce,pre_sales_cost_per_mile_backend
Pre_Sales_Cost_Per_Passing__c,Job__c,Salesforce,pre_sales_cost_per_passing
Pre_Sales_Cost_Per_Passing_Backend__c,Job__c,Salesforce,pre_sales_cost_per_passing_backend
Pre_Sales_Meets_Payback__c,Job__c,Salesforce,pre_sales_meets_payback
Pre_Sales_Passings_Per_Mile__c,Job__c,Salesforce,pre_sales_passings_per_mile
Pre_Sales_Payback_Months__c,Job__c,Salesforce,pre_sales_payback_months
Preferred_Node_Material_Vendor__c,Job__c,Salesforce,preferred_node_material_vendor
Primary_Site_Contact_Email__c,Job__c,Salesforce,primary_site_contact_email
Primary_Site_Contact_Name__c,Job__c,Salesforce,primary_site_contact_name
Primary_Site_Contact_Phone__c,Job__c,Salesforce,primary_site_contact_phone
Principle__c,Job__c,Salesforce,principle
Priority__c,Job__c,Salesforce,priority
Proactive_Reactive__c,Job__c,Salesforce,proactive_reactive
Project__c,Job__c,Salesforce,project_id
Project_Node_ID__c,Job__c,Salesforce,project_node_id
Property_Management_Company__c,Job__c,Salesforce,property_management_company
Property_Manager_Contact_Email__c,Job__c,Salesforce,property_manager_contact_email
Property_Manager_Contact_Name__c,Job__c,Salesforce,property_manager_contact_name
Property_Manager_Contact_Phone__c,Job__c,Salesforce,property_manager_contact_phone
QC_Complete_Date__c,Job__c,Salesforce,qc_complete_datetime
QC_Milestone__c,Job__c,Salesforce,qc_milestone
QC_Start_Date__c,Job__c,Salesforce,qc_start_datetime
Ready_to_Install_Complete_Date__c,Job__c,Salesforce,ready_to_install_complete_datetime
Ready_to_Install_Start_Date__c,Job__c,Salesforce,ready_to_install_start_datetime
Reapproval_Number__c,Job__c,Salesforce,reapproval_number
Record_Type_Name__c,Job__c,Salesforce,record_type_name
RecordTypeId,Job__c,Salesforce,recordtypeid
Redesign_Check__c,Job__c,Salesforce,redesign_check
Redesign_Comments__c,Job__c,Salesforce,redesign_comments
Redesign_Reason_Code__c,Job__c,Salesforce,redesign_reason_code
Redesign_Requested_By__c,Job__c,Salesforce,redesign_requested_by
Redesign_Requested_Date__c,Job__c,Salesforce,redesign_requested_date
Redesign_Status__c,Job__c,Salesforce,redesign_status
RedesignRequestedDateHidden__c,Job__c,Salesforce,redesign_requested_date_hidden_date
Reference_Request_Number__c,Job__c,Salesforce,reference_request_job_id
Region__c,Job__c,Salesforce,region
RegionType__c,Job__c,Salesforce,region_type
Reject_Reason__c,Job__c,Salesforce,reject_reason
Related_Request_ID__c,Job__c,Salesforce,related_request_id
Relational_Submitted_currency__c,Job__c,Salesforce,relational_submitted_currency
Request_Job__c,Job__c,Salesforce,request_job
RequestedByHidden__c,Job__c,Salesforce,requested_by_hidden
Reservation_Status__c,Job__c,Salesforce,reservation_status
Retail_or_Bulk__c,Job__c,Salesforce,retail_or_bulk
Rework_Reason_Code__c,Job__c,Salesforce,rework_reason_code
Right_of_Entry_Available__c,Job__c,Salesforce,right_of_entry_available
Right_of_Entry_Expiry_date__c,Job__c,Salesforce,right_of_entry_expiry_date
Right_of_Entry_Required__c,Job__c,Salesforce,right_of_entry_required
Right_of_Entry_Type__c,Job__c,Salesforce,right_of_entry_type
Right_of_Way__c,Job__c,Salesforce,right_of_way
Site_Address__c,Job__c,Salesforce,site_address
Site_AddressDetails__c,Job__c,Salesforce,address_id
Site_Name__c,Job__c,Salesforce,site_name
SMR_CRS__c,Job__c,Salesforce,smr_crs
SMR_CRS_Link__c,Job__c,Salesforce,smr_crs_link
Source_System__c,Job__c,Salesforce,source_system
SP_Type__c,Job__c,Salesforce,sp_type
Specialist__c,Job__c,Salesforce,specialist_id
State__c,Job__c,Salesforce,state
StatusHoldSummary__c,Job__c,Salesforce,status_hold_summary
Sub_Type__c,Job__c,Salesforce,sub_type
Submit_for_Approval__c,Job__c,Salesforce,submit_for_approval
Support_Other_Milestone_Complete_Date__c,Job__c,Salesforce,support_other_milestone_complete_datetime
Support_Other_Milestone_Start_Date__c,Job__c,Salesforce,support_other_milestone_start_datetime
Survey_Completion_Date__c,Job__c,Salesforce,survey_completion_datetime
Survey_Milestone__c,Job__c,Salesforce,survey_milestone
Survey_Start_Date__c,Job__c,Salesforce,survey_start_datetime
SysPrn__c,Job__c,Salesforce,sysprn
SysPrnAgent__c,Job__c,Salesforce,sysprnagent
System__c,Job__c,Salesforce,system_market_area
Target_Completion_Date__c,Job__c,Salesforce,target_completion_date
Tier_Classification__c,Job__c,Salesforce,tier_classification
Tier_Level_1__c,Job__c,Salesforce,tier_level_1
Tier_Level_2__c,Job__c,Salesforce,tier_level_2
Tier_Level_3__c,Job__c,Salesforce,tier_level_3
Tier_Level_4__c,Job__c,Salesforce,tier_level_4
Tier_Level_5__c,Job__c,Salesforce,tier_level_5
Tier_Level__c,Job__c,Salesforce,tier_level
Total_Contract_Labor_Estimate_Backened__c,Job__c,Salesforce,total_contract_labor_estimate_backened
Total_Contract_Labor_Estimates__c,Job__c,Salesforce,total_contract_labor_estimates
Total_Designed_Feet_Summary__c,Job__c,Salesforce,total_designed_feet_summary
Total_Designed_Passings_Summary__c,Job__c,Salesforce,total_designed_passings_summary
Total_Estimate__c,Job__c,Salesforce,total_estimate
Total_Estimate_With_Tax__c,Job__c,Salesforce,total_estimate_with_tax
Total_Estimates_Backened__c,Job__c,Salesforce,total_estimates_backened
Total_Feet_of_Coax_Installed__c,Job__c,Salesforce,total_feet_of_coax_installed
Total_Feet_of_Fiber_Installed__c,Job__c,Salesforce,total_feet_of_fiber_installed
Total_In_House_Labor_Estimates__c,Job__c,Salesforce,total_in_house_labor_estimates
Total_Inspection_Fee__c,Job__c,Salesforce,total_inspection_fee
Total_Internal_Labor_Estimates_Backened__c,Job__c,Salesforce,total_internal_labor_estimates_backened
Total_Invoiced_Amount__c,Job__c,Salesforce,total_invoiced_amount
Total_Labor_Estimate__c,Job__c,Salesforce,total_labor_estimate
Total_Make_Ready_Fee__c,Job__c,Salesforce,total_make_ready_fee
Total_Material_Estimate_Backened__c,Job__c,Salesforce,total_material_estimate_backened
Total_Material_Items_Priced_Persent__c,Job__c,Salesforce,total_material_items_priced_persent
Total_Non_Construction_Estimate_Backend__c,Job__c,Salesforce,total_non_construction_estimate_backend
Total_Non_Construction_Estimates__c,Job__c,Salesforce,total_non_construction_estimates
Total_Non_Standard_Estimated__c,Job__c,Salesforce,total_non_standard_estimated
Total_Non_Standard_Estimates_Backened__c,Job__c,Salesforce,total_non_standard_estimates_backened
Total_Permit_Fee__c,Job__c,Salesforce,total_permit_fee
Total_Pole_Permitting_Fee__c,Job__c,Salesforce,total_pole_permitting_fee
Total_Post_Sales_Cost_Estimate__c,Job__c,Salesforce,total_post_sales_cost_estimate
Total_Post_Sales_Footage__c,Job__c,Salesforce,total_post_sales_footage
Total_Post_Sales_Passings__c,Job__c,Salesforce,total_post_sales_passings
Total_Pre_Sales_Cost_Estimate__c,Job__c,Salesforce,total_pre_sales_cost_estimate
Total_Pre_Sales_Footage__c,Job__c,Salesforce,total_pre_sales_footage
Total_Pre_Sales_Passings__c,Job__c,Salesforce,total_pre_sales_passings
Total_PO_Reserved_Quantity__c,Job__c,Salesforce,total_purchase_order_reserved_quantity
Total_Tax_Estimate__c,Job__c,Salesforce,total_tax_estimate
Total_Tiers__c,Job__c,Salesforce,total_tiers
Total_Track_Estimate_Backend_c__c,Job__c,Salesforce,total_track_estimate_backend_c
Track_Estimate__c,Job__c,Salesforce,track_estimate
Transport_Type__c,Job__c,Salesforce,transport_type
Upstream_Utilization__c,Job__c,Salesforce,upstream_utilization
View_Material_Estimates__c,Job__c,Salesforce,view_material_estimates
View_Track_Estimates__c,Job__c,Salesforce,view_track_estimates
Warehouse__c,Job__c,Salesforce,warehouse
Watchtower__c,Job__c,Salesforce,watchtower
Weekly_Production__c,Job__c,Salesforce,weekly_production
Zip_Code__c,Job__c,Salesforce,zip_code
Zip_Code_Text__c,Job__c,Salesforce,zip_code_text
ZipCode__c,Job__c,Salesforce,zipcode
Site_Id__c,Job__c,Salesforce,site_id
Site_Name2__c,Job__c,Salesforce,hub_site_name
kafka_timestamp,Job__c,Salesforce,data_warehouse_delivery_datetime
NAME,about-them-humans,Workday,employee_full_name
LOGIN_ID,about-them-humans,Workday,employee_network_id
WORK_EMAIL,about-them-humans,Workday,employee_work_email
WORK_LOCATION,about-them-humans,Workday,employee_work_location
POSITION_DESCR,about-them-humans,Workday,employee_position_description
EMPL_STATUS,about-them-humans,Workday,employee_status
EMPL_STATUS_DESCR,about-them-humans,Workday,employee_status_description
WITHDRAWN_DT,about-them-humans,Workday,employee_withdrawn_date
POSITION,about-them-humans,Workday,employee_position
ORIGINAL_HIRE_DT,about-them-humans,Workday,employee_original_hire_date
JOB_TYPE,about-them-humans,Workday,employee_job_type
JOB_LEVEL,about-them-humans,Workday,employee_job_level
ORG_HIERARCHY_LEVEL3_DESCR,about-them-humans,Workday,employee_organization_hierachy_level_3_description
ORG_HIERARCHY_LEVEL2_DESCR,about-them-humans,Workday,employee_organization_hierachy_level_2_description
ORG_HIERARCHY_LEVEL1_DESCR,about-them-humans,Workday,employee_organization_hierachy_level_1_description
GL_Location,about-them-humans,Workday,employee_general_ledger_location
JOB_DESCR,about-them-humans,Workday,employee_job_description
WORK_LOCATION_CITY,about-them-humans,Workday,employee_work_location_city
WORK_LOCATION_STATE,about-them-humans,Workday,employee_work_location_state
SUPERVISOR_NAME,about-them-humans,Workday,employee_supervisor_full_name
ENTITY,about-them-humans,Workday,employee_entity_code
kafka_timestamp,about-them-humans,Workday,data_warehouse_delivery_datetime
timestamp,about-them-humans,Workday,last_modified_datetime
Id,Address__c,Salesforce,address_id
LastModifiedDate,Address__c,Salesforce,last_modified_datetime
kafka_timestamp,Address__c,Salesforce,data_warehouse_delivery_datetime
Amplifier_Upgrade_Completed_Date__c,Child_Node__c,Salesforce,amplifier_upgrade_completed_date
Activation_Completed_Date__c,Child_Node__c,Salesforce,activation_completed_date
Activation_Window__c,Child_Node__c,Salesforce,activation_window
Architecture__c,Child_Node__c,Salesforce,architecture
Coax_Construction_Completed_Date__c,Child_Node__c,Salesforce,coax_construction_completed_date
CreatedById,Child_Node__c,Salesforce,created_by_id
CreatedDate,Child_Node__c,Salesforce,created_datetime
Fiber_Construction_Completed_Date__c,Child_Node__c,Salesforce,fiber_construction_completed_date
Id,Child_Node__c,Salesforce,child_node_id
Job__c,Child_Node__c,Salesforce,job_id
LastModifiedById,Child_Node__c,Salesforce,last_modified_by_id
LastModifiedDate,Child_Node__c,Salesforce,last_modified_datetime
Location__Latitude__s,Child_Node__c,Salesforce,location_latitude
Location__Longitude__s,Child_Node__c,Salesforce,location_longitude
Name,Child_Node__c,Salesforce,canonical_child_node_id
Node_Optimized_Completed_Date__c,Child_Node__c,Salesforce,node_optimized_completed_date
Node_Install_Completed_Date__c,Child_Node__c,Salesforce,node_install_completed_date
OSP_Ready_Date__c,Child_Node__c,Salesforce,outside_plant_ready_date
Parent_Node__c,Child_Node__c,Salesforce,parent_node
Scheduled_Activation_Date__c,Child_Node__c,Salesforce,Scheduled_activation_date
Scheduled_Amplifier_Upgrade_Date__c,Child_Node__c,Salesforce,scheduled_amplifier_upgrade_date
Status__c,Child_Node__c,Salesforce,status
kafka_timestamp,Child_Node__c,Salesforce,data_warehouse_delivery_datetime
ID,p2_cnstrct_project_tier_xref,csv_upload,ID
P2_PROJECT_NAME,p2_cnstrct_project_tier_xref,csv_upload,P2_PROJECT_NAME
CNSTRCT_P2_PROJECT_NAME,p2_cnstrct_project_tier_xref,csv_upload,CNSTRCT_P2_PROJECT_NAME
CNSTRCT_SITE_TIER,p2_cnstrct_project_tier_xref,csv_upload,CNSTRCT_SITE_TIER
P2_TIER,p2_cnstrct_project_tier_xref,csv_upload,P2_TIER
last_modified_datetime,p2_cnstrct_project_tier_xref,csv_upload,last_modified_datetime
